{
  "all": {
    "n": 392,
    "lead_frame": {
      "accuracy": 0.9413265306122449,
      "macro_f1": 0.8998582081799921,
      "per_label": {
        "action_first": {
          "precision": 0.6470588235294118,
          "recall": 0.8461538461538461,
          "f1": 0.7333333333333334,
          "support": 13
        },
        "actor_entity_first": {
          "precision": 0.9805825242718447,
          "recall": 0.9498432601880877,
          "f1": 0.964968152866242,
          "support": 319
        },
        "context_first": {
          "precision": 0.8214285714285714,
          "recall": 0.9019607843137255,
          "f1": 0.8598130841121495,
          "support": 51
        },
        "event_first": {
          "precision": 1.0,
          "recall": 1.0,
          "f1": 1.0,
          "support": 1
        },
        "other_lead": {
          "precision": 0.8888888888888888,
          "recall": 1.0,
          "f1": 0.9411764705882353,
          "support": 8
        }
      }
    },
    "agency_style": {
      "accuracy": 0.9464285714285714,
      "macro_f1": 0.664965972899987,
      "per_label": {
        "active_or_nonpassive": {
          "precision": 0.9623655913978495,
          "recall": 0.9808219178082191,
          "f1": 0.9715061058344641,
          "support": 365
        },
        "passive_agent_omitted": {
          "precision": 0.6470588235294118,
          "recall": 0.5238095238095238,
          "f1": 0.5789473684210527,
          "support": 21
        },
        "passive_with_agent": {
          "precision": 0.6666666666666666,
          "recall": 0.3333333333333333,
          "f1": 0.4444444444444444,
          "support": 6
        }
      }
    },
    "density_band": {
      "accuracy": 0.9795918367346939,
      "macro_f1": 0.9662383778299724,
      "per_label": {
        "high_density": {
          "precision": 1.0,
          "recall": 0.9744525547445255,
          "f1": 0.9870609981515711,
          "support": 274
        },
        "low_density": {
          "precision": 1.0,
          "recall": 0.9,
          "f1": 0.9473684210526316,
          "support": 10
        },
        "medium_density": {
          "precision": 0.9310344827586207,
          "recall": 1.0,
          "f1": 0.9642857142857143,
          "support": 108
        }
      }
    },
    "rhetorical_mode": {
      "accuracy": 0.9030612244897959,
      "macro_f1": 0.7766894117881957,
      "per_label": {
        "analysis_explainer": {
          "precision": 0.7857142857142857,
          "recall": 0.2682926829268293,
          "f1": 0.39999999999999997,
          "support": 41
        },
        "live_or_alert": {
          "precision": 0.7647058823529411,
          "recall": 0.8666666666666667,
          "f1": 0.8125,
          "support": 15
        },
        "question_hook": {
          "precision": 0.9,
          "recall": 1.0,
          "f1": 0.9473684210526316,
          "support": 18
        },
        "straight_report": {
          "precision": 0.9149560117302052,
          "recall": 0.9811320754716981,
          "f1": 0.9468892261001518,
          "support": 318
        }
      }
    }
  },
  "dev": {
    "n": 75,
    "lead_frame": {
      "accuracy": 0.96,
      "macro_f1": 0.9718146718146718,
      "per_label": {
        "action_first": {
          "precision": 1.0,
          "recall": 1.0,
          "f1": 1.0,
          "support": 1
        },
        "actor_entity_first": {
          "precision": 0.9818181818181818,
          "recall": 0.9642857142857143,
          "f1": 0.972972972972973,
          "support": 56
        },
        "context_first": {
          "precision": 0.8888888888888888,
          "recall": 0.9411764705882353,
          "f1": 0.9142857142857143,
          "support": 17
        },
        "other_lead": {
          "precision": 1.0,
          "recall": 1.0,
          "f1": 1.0,
          "support": 1
        }
      }
    },
    "agency_style": {
      "accuracy": 0.9466666666666667,
      "macro_f1": 0.45740740740740743,
      "per_label": {
        "active_or_nonpassive": {
          "precision": 0.958904109589041,
          "recall": 0.9859154929577465,
          "f1": 0.9722222222222222,
          "support": 71
        },
        "passive_agent_omitted": {
          "precision": 0.5,
          "recall": 0.3333333333333333,
          "f1": 0.4,
          "support": 3
        },
        "passive_with_agent": {
          "precision": 0.0,
          "recall": 0.0,
          "f1": 0.0,
          "support": 1
        }
      }
    },
    "density_band": {
      "accuracy": 1.0,
      "macro_f1": 1.0,
      "per_label": {
        "high_density": {
          "precision": 1.0,
          "recall": 1.0,
          "f1": 1.0,
          "support": 58
        },
        "low_density": {
          "precision": 1.0,
          "recall": 1.0,
          "f1": 1.0,
          "support": 1
        },
        "medium_density": {
          "precision": 1.0,
          "recall": 1.0,
          "f1": 1.0,
          "support": 16
        }
      }
    },
    "rhetorical_mode": {
      "accuracy": 0.9333333333333333,
      "macro_f1": 0.8112659698025552,
      "per_label": {
        "analysis_explainer": {
          "precision": 1.0,
          "recall": 0.16666666666666666,
          "f1": 0.2857142857142857,
          "support": 6
        },
        "live_or_alert": {
          "precision": 1.0,
          "recall": 1.0,
          "f1": 1.0,
          "support": 6
        },
        "question_hook": {
          "precision": 1.0,
          "recall": 1.0,
          "f1": 1.0,
          "support": 4
        },
        "straight_report": {
          "precision": 0.921875,
          "recall": 1.0,
          "f1": 0.959349593495935,
          "support": 59
        }
      }
    }
  },
  "test": {
    "n": 83,
    "lead_frame": {
      "accuracy": 0.9397590361445783,
      "macro_f1": 0.8887670565302145,
      "per_label": {
        "action_first": {
          "precision": 0.75,
          "recall": 0.75,
          "f1": 0.75,
          "support": 4
        },
        "actor_entity_first": {
          "precision": 0.9701492537313433,
          "recall": 0.9558823529411765,
          "f1": 0.962962962962963,
          "support": 68
        },
        "context_first": {
          "precision": 0.8,
          "recall": 0.8888888888888888,
          "f1": 0.8421052631578948,
          "support": 9
        },
        "other_lead": {
          "precision": 1.0,
          "recall": 1.0,
          "f1": 1.0,
          "support": 2
        }
      }
    },
    "agency_style": {
      "accuracy": 0.9518072289156626,
      "macro_f1": 0.7691197691197691,
      "per_label": {
        "active_or_nonpassive": {
          "precision": 0.9615384615384616,
          "recall": 0.9868421052631579,
          "f1": 0.974025974025974,
          "support": 76
        },
        "passive_agent_omitted": {
          "precision": 0.75,
          "recall": 0.6,
          "f1": 0.6666666666666665,
          "support": 5
        },
        "passive_with_agent": {
          "precision": 1.0,
          "recall": 0.5,
          "f1": 0.6666666666666666,
          "support": 2
        }
      }
    },
    "density_band": {
      "accuracy": 1.0,
      "macro_f1": 1.0,
      "per_label": {
        "high_density": {
          "precision": 1.0,
          "recall": 1.0,
          "f1": 1.0,
          "support": 48
        },
        "low_density": {
          "precision": 1.0,
          "recall": 1.0,
          "f1": 1.0,
          "support": 5
        },
        "medium_density": {
          "precision": 1.0,
          "recall": 1.0,
          "f1": 1.0,
          "support": 30
        }
      }
    },
    "rhetorical_mode": {
      "accuracy": 0.8674698795180723,
      "macro_f1": 0.7786796536796537,
      "per_label": {
        "analysis_explainer": {
          "precision": 0.8,
          "recall": 0.3076923076923077,
          "f1": 0.4444444444444444,
          "support": 13
        },