{
  "all": {
    "n": 465,
    "lead_frame": {
      "accuracy": 0.989247311827957,
      "macro_f1": 0.9863128541826613,
      "per_label": {
        "action_first": {
          "precision": 0.9375,
          "recall": 1.0,
          "f1": 0.967741935483871,
          "support": 15
        },
        "actor_entity_first": {
          "precision": 1.0,
          "recall": 0.9865591397849462,
          "f1": 0.993234100135318,
          "support": 372
        },
        "context_first": {
          "precision": 0.9428571428571428,
          "recall": 1.0,
          "f1": 0.9705882352941176,
          "support": 66
        },
        "event_first": {
          "precision": 1.0,
          "recall": 1.0,
          "f1": 1.0,
          "support": 2
        },
        "other_lead": {
          "precision": 1.0,
          "recall": 1.0,
          "f1": 1.0,
          "support": 10
        }
      }
    },
    "agency_style": {
      "accuracy": 0.9354838709677419,
      "macro_f1": 0.6218654434250764,
      "per_label": {
        "active_or_nonpassive": {
          "precision": 0.9524886877828054,
          "recall": 0.9790697674418605,
          "f1": 0.9655963302752293,
          "support": 430
        },
        "passive_agent_omitted": {
          "precision": 0.6,
          "recall": 0.42857142857142855,
          "f1": 0.5,
          "support": 28
        },
        "passive_with_agent": {
          "precision": 0.6666666666666666,
          "recall": 0.2857142857142857,
          "f1": 0.4,
          "support": 7
        }
      }
    },
    "density_band": {
      "accuracy": 0.9935483870967742,
      "macro_f1": 0.9946749028169765,
      "per_label": {
        "high_density": {
          "precision": 1.0,
          "recall": 0.9905660377358491,
          "f1": 0.9952606635071091,
          "support": 318
        },
        "low_density": {
          "precision": 1.0,
          "recall": 1.0,
          "f1": 1.0,
          "support": 15
        },
        "medium_density": {
          "precision": 0.9777777777777777,
          "recall": 1.0,
          "f1": 0.9887640449438202,
          "support": 132
        }
      }
    },
    "rhetorical_mode": {
      "accuracy": 0.9139784946236559,
      "macro_f1": 0.7854369006415481,
      "per_label": {
        "analysis_explainer": {
          "precision": 0.8,
          "recall": 0.2727272727272727,
          "f1": 0.4067796610169491,
          "support": 44
        },
        "live_or_alert": {
          "precision": 0.7777777777777778,
          "recall": 0.875,
          "f1": 0.823529411764706,
          "support": 16
        },
        "question_hook": {
          "precision": 0.92,
          "recall": 1.0,
          "f1": 0.9583333333333334,
          "support": 23
        },
        "straight_report": {
          "precision": 0.9238329238329238,
          "recall": 0.9842931937172775,
          "f1": 0.9531051964512041,
          "support": 382
        }
      }
    }
  },
  "dev": {
    "n": 90,
    "lead_frame": {
      "accuracy": 1.0,
      "macro_f1": 1.0,
      "per_label": {
        "actor_entity_first": {
          "precision": 1.0,
          "recall": 1.0,
          "f1": 1.0,
          "support": 74
        },
        "context_first": {
          "precision": 1.0,
          "recall": 1.0,
          "f1": 1.0,
          "support": 13
        },
        "event_first": {
          "precision": 1.0,
          "recall": 1.0,
          "f1": 1.0,
          "support": 1
        },
        "other_lead": {
          "precision": 1.0,
          "recall": 1.0,
          "f1": 1.0,
          "support": 2
        }
      }
    },
    "agency_style": {
      "accuracy": 0.9444444444444444,
      "macro_f1": 0.545575515635396,
      "per_label": {
        "active_or_nonpassive": {
          "precision": 0.9642857142857143,
          "recall": 0.9759036144578314,
          "f1": 0.970059880239521,
          "support": 83
        },
        "passive_agent_omitted": {
          "precision": 0.6666666666666666,
          "recall": 0.6666666666666666,
          "f1": 0.6666666666666666,
          "support": 6
        },
        "passive_with_agent": {
          "precision": 0.0,
          "recall": 0.0,
          "f1": 0.0,
          "support": 1
        }
      }
    },
    "density_band": {
      "accuracy": 1.0,
      "macro_f1": 1.0,
      "per_label": {
        "high_density": {
          "precision": 1.0,
          "recall": 1.0,
          "f1": 1.0,
          "support": 60
        },
        "low_density": {
          "precision": 1.0,
          "recall": 1.0,
          "f1": 1.0,
          "support": 3
        },
        "medium_density": {
          "precision": 1.0,
          "recall": 1.0,
          "f1": 1.0,
          "support": 27
        }
      }
    },
    "rhetorical_mode": {
      "accuracy": 0.9444444444444444,
      "macro_f1": 0.6585365853658537,
      "per_label": {
        "analysis_explainer": {
          "precision": 0.0,
          "recall": 0.0,
          "f1": 0.0,
          "support": 5
        },
        "question_hook": {
          "precision": 1.0,
          "recall": 1.0,
          "f1": 1.0,
          "support": 5
        },
        "straight_report": {
          "precision": 0.9523809523809523,
          "recall": 1.0,
          "f1": 0.975609756097561,
          "support": 80
        }
      }
    }
  },
  "test": {
    "n": 99,
    "lead_frame": {
      "accuracy": 0.9797979797979798,
      "macro_f1": 0.9862573099415204,
      "per_label": {
        "action_first": {
          "precision": 1.0,
          "recall": 1.0,
          "f1": 1.0,
          "support": 2
        },
        "actor_entity_first": {
          "precision": 1.0,
          "recall": 0.974025974025974,
          "f1": 0.9868421052631579,
          "support": 77
        },
        "context_first": {
          "precision": 0.8947368421052632,
          "recall": 1.0,
          "f1": 0.9444444444444444,
          "support": 17
        },
        "event_first": {
          "precision": 1.0,
          "recall": 1.0,
          "f1": 1.0,
          "support": 1
        },
        "other_lead": {
          "precision": 1.0,
          "recall": 1.0,
          "f1": 1.0,
          "support": 2
        }
      }
    },
    "agency_style": {
      "accuracy": 0.9494949494949495,
      "macro_f1": 0.5149911816578484,
      "per_label": {
        "active_or_nonpassive": {
          "precision": 0.9484536082474226,
          "recall": 1.0,
          "f1": 0.9735449735449735,
          "support": 92
        },
        "passive_agent_omitted": {
          "precision": 1.0,
          "recall": 0.4,
          "f1": 0.5714285714285715,
          "support": 5
        },
        "passive_with_agent": {
          "precision": 0.0,
          "recall": 0.0,
          "f1": 0.0,
          "support": 2
        }
      }
    },
    "density_band": {
      "accuracy": 1.0,
      "macro_f1": 1.0,
      "per_label": {
        "high_density": {
          "precision": 1.0,
          "recall": 1.0,
          "f1": 1.0,
          "support": 73
        },
        "low_density": {
          "precision": 1.0,
          "recall": 1.0,
          "f1": 1.0,
          "support": 3
        },
        "medium_density": {
          "precision": 1.0,
          "recall": 1.0,
          "f1": 1.0,
          "support": 23
        }
      }
    },
    "rhetorical_mode": {
      "accuracy": 0.8888888888888888,
      "macro_f1": 0.8211545487760321,
      "per_label": {
        "analysis_explainer": {
          "precision": 0.75,
          "recall": 0.23076923076923078,
          "f1": 0.3529411764705882,
          "support": 13
        },
        "live_or_alert": {
          "precision": 1.0,
          "recall": 1.0,
          "f1": 1.0,
          "support": 5
        },
        "question_hook": {
          "precision": 1.0,
          "recall": 1.0,
          "f1": 1.0,
          "support": 5
        },