{
  "all": {
    "n": 465,
    "lead_frame": {
      "accuracy": 0.946236559139785,
      "macro_f1": 0.9123995582429222,
      "per_label": {
        "action_first": {
          "precision": 0.6842105263157895,
          "recall": 0.8666666666666667,
          "f1": 0.7647058823529413,
          "support": 15
        },
        "actor_entity_first": {
          "precision": 0.9833333333333333,
          "recall": 0.9516129032258065,
          "f1": 0.9672131147540983,
          "support": 372
        },
        "context_first": {
          "precision": 0.8356164383561644,
          "recall": 0.9242424242424242,
          "f1": 0.8776978417266188,
          "support": 66
        },
        "event_first": {
          "precision": 1.0,
          "recall": 1.0,
          "f1": 1.0,
          "support": 2
        },
        "other_lead": {
          "precision": 0.9090909090909091,
          "recall": 1.0,
          "f1": 0.9523809523809523,
          "support": 10
        }
      }
    },
    "agency_style": {
      "accuracy": 0.9354838709677419,
      "macro_f1": 0.6146453089244851,
      "per_label": {
        "active_or_nonpassive": {
          "precision": 0.9504504504504504,
          "recall": 0.9813953488372092,
          "f1": 0.965675057208238,
          "support": 430
        },
        "passive_agent_omitted": {
          "precision": 0.6111111111111112,
          "recall": 0.39285714285714285,
          "f1": 0.4782608695652174,
          "support": 28
        },
        "passive_with_agent": {
          "precision": 0.6666666666666666,
          "recall": 0.2857142857142857,
          "f1": 0.4,
          "support": 7
        }
      }
    },
    "density_band": {
      "accuracy": 0.9806451612903225,
      "macro_f1": 0.9732704516363643,
      "per_label": {
        "high_density": {
          "precision": 1.0,
          "recall": 0.9748427672955975,
          "f1": 0.9872611464968153,
          "support": 318
        },
        "low_density": {
          "precision": 1.0,
          "recall": 0.9333333333333333,
          "f1": 0.9655172413793104,
          "support": 15
        },
        "medium_density": {
          "precision": 0.9361702127659575,
          "recall": 1.0,
          "f1": 0.967032967032967,
          "support": 132
        }
      }
    },
    "rhetorical_mode": {
      "accuracy": 0.9139784946236559,
      "macro_f1": 0.7854369006415481,
      "per_label": {
        "analysis_explainer": {
          "precision": 0.8,
          "recall": 0.2727272727272727,
          "f1": 0.4067796610169491,
          "support": 44
        },
        "live_or_alert": {
          "precision": 0.7777777777777778,
          "recall": 0.875,
          "f1": 0.823529411764706,
          "support": 16
        },
        "question_hook": {
          "precision": 0.92,
          "recall": 1.0,
          "f1": 0.9583333333333334,
          "support": 23
        },
        "straight_report": {
          "precision": 0.9238329238329238,
          "recall": 0.9842931937172775,
          "f1": 0.9531051964512041,
          "support": 382
        }
      }
    }
  },
  "dev": {
    "n": 90,
    "lead_frame": {
      "accuracy": 0.9555555555555556,
      "macro_f1": 0.9335960591133006,
      "per_label": {
        "action_first": {
          "precision": 1.0,
          "recall": 0.6666666666666666,
          "f1": 0.8,
          "support": 3
        },
        "actor_entity_first": {
          "precision": 0.9855072463768116,
          "recall": 0.9577464788732394,
          "f1": 0.9714285714285714,
          "support": 71
        },
        "context_first": {
          "precision": 0.8125,
          "recall": 1.0,
          "f1": 0.896551724137931,
          "support": 13
        },
        "event_first": {
          "precision": 1.0,
          "recall": 1.0,
          "f1": 1.0,
          "support": 1
        },
        "other_lead": {
          "precision": 1.0,
          "recall": 1.0,
          "f1": 1.0,
          "support": 2
        }
      }
    },
    "agency_style": {
      "accuracy": 0.9444444444444444,
      "macro_f1": 0.8183632734530939,
      "per_label": {
        "active_or_nonpassive": {
          "precision": 0.9642857142857143,
          "recall": 0.9759036144578314,
          "f1": 0.970059880239521,
          "support": 83
        },
        "passive_agent_omitted": {
          "precision": 0.8,
          "recall": 0.5714285714285714,
          "f1": 0.6666666666666666,
          "support": 7
        }
      }
    },
    "density_band": {
      "accuracy": 0.9777777777777777,
      "macro_f1": 0.9802162410858063,
      "per_label": {
        "high_density": {
          "precision": 1.0,
          "recall": 0.96875,
          "f1": 0.9841269841269841,
          "support": 64
        },
        "low_density": {
          "precision": 1.0,
          "recall": 1.0,
          "f1": 1.0,
          "support": 4
        },
        "medium_density": {
          "precision": 0.9166666666666666,
          "recall": 1.0,
          "f1": 0.9565217391304348,
          "support": 22
        }
      }
    },
    "rhetorical_mode": {
      "accuracy": 0.9222222222222223,
      "macro_f1": 0.8297625940938043,
      "per_label": {
        "analysis_explainer": {
          "precision": 1.0,
          "recall": 0.2222222222222222,
          "f1": 0.3636363636363636,
          "support": 9
        },
        "live_or_alert": {
          "precision": 1.0,
          "recall": 1.0,
          "f1": 1.0,
          "support": 1
        },
        "question_hook": {
          "precision": 1.0,
          "recall": 1.0,
          "f1": 1.0,
          "support": 5
        },
        "straight_report": {
          "precision": 0.9146341463414634,
          "recall": 1.0,
          "f1": 0.9554140127388536,
          "support": 75
        }
      }
    }
  },
  "test": {
    "n": 98,
    "lead_frame": {
      "accuracy": 0.9693877551020408,
      "macro_f1": 0.9347402597402598,
      "per_label": {
        "action_first": {
          "precision": 0.75,
          "recall": 1.0,
          "f1": 0.8571428571428571,
          "support": 3
        },
        "actor_entity_first": {
          "precision": 0.9759036144578314,
          "recall": 0.9878048780487805,
          "f1": 0.9818181818181818,
          "support": 82
        },
        "context_first": {
          "precision": 1.0,
          "recall": 0.8181818181818182,
          "f1": 0.9,
          "support": 11
        },
        "other_lead": {
          "precision": 1.0,
          "recall": 1.0,
          "f1": 1.0,
          "support": 2
        }
      }
    },
    "agency_style": {
      "accuracy": 0.9489795918367347,
      "macro_f1": 0.8625867686641167,
      "per_label": {
        "active_or_nonpassive": {
          "precision": 0.967032967032967,
          "recall": 0.9777777777777777,
          "f1": 0.9723756906077348,
          "support": 90
        },
        "passive_agent_omitted": {
          "precision": 0.6666666666666666,
          "recall": 0.5714285714285714,
          "f1": 0.6153846153846153,
          "support": 7
        },
        "passive_with_agent": {
          "precision": 1.0,
          "recall": 1.0,
          "f1": 1.0,
          "support": 1
        }
      }
    },
    "density_band": {
      "accuracy": 0.9795918367346939,
      "macro_f1": 0.9851851851851853,
      "per_label": {
        "high_density": {
          "precision": 1.0,
          "recall": 0.9672131147540983,
          "f1": 0.9833333333333333,
          "support": 61
        },
        "low_density": {
          "precision": 1.0,
          "recall": 1.0,
          "f1": 1.0,
          "support": 2
        },
        "medium_density": {
          "precision": 0.9459459459459459,
          "recall": 1.0,
          "f1": 0.9722222222222222,
          "support": 35
        }
      }
    },
    "rhetorical_mode": {
      "accuracy": 0.9081632653061225,
      "macro_f1": 0.7008654958989584,