{
  "all": {
    "n": 392,
    "lead_frame": {
      "accuracy": 0.9413265306122449,
      "macro_f1": 0.8998582081799921,
      "per_label": {
        "action_first": {
          "precision": 0.6470588235294118,
          "recall": 0.8461538461538461,
          "f1": 0.7333333333333334,
          "support": 13
        },
        "actor_entity_first": {
          "precision": 0.9805825242718447,
          "recall": 0.9498432601880877,
          "f1": 0.964968152866242,
          "support": 319
        },
        "context_first": {
          "precision": 0.8214285714285714,
          "recall": 0.9019607843137255,
          "f1": 0.8598130841121495,
          "support": 51
        },
        "event_first": {
          "precision": 1.0,
          "recall": 1.0,
          "f1": 1.0,
          "support": 1
        },
        "other_lead": {
          "precision": 0.8888888888888888,
          "recall": 1.0,
          "f1": 0.9411764705882353,
          "support": 8
        }
      }
    },
    "agency_style": {
      "accuracy": 0.9464285714285714,
      "macro_f1": 0.664965972899987,
      "per_label": {
        "active_or_nonpassive": {
          "precision": 0.9623655913978495,
          "recall": 0.9808219178082191,
          "f1": 0.9715061058344641,
          "support": 365
        },
        "passive_agent_omitted": {
          "precision": 0.6470588235294118,
          "recall": 0.5238095238095238,
          "f1": 0.5789473684210527,
          "support": 21
        },
        "passive_with_agent": {
          "precision": 0.6666666666666666,
          "recall": 0.3333333333333333,
          "f1": 0.4444444444444444,
          "support": 6
        }
      }
    },
    "density_band": {
      "accuracy": 0.9795918367346939,
      "macro_f1": 0.9662383778299724,
      "per_label": {
        "high_density": {
          "precision": 1.0,
          "recall": 0.9744525547445255,
          "f1": 0.9870609981515711,
          "support": 274
        },
        "low_density": {
          "precision": 1.0,
          "recall": 0.9,
          "f1": 0.9473684210526316,
          "support": 10
        },
        "medium_density": {
          "precision": 0.9310344827586207,
          "recall": 1.0,
          "f1": 0.9642857142857143,
          "support": 108
        }
      }
    },
    "rhetorical_mode": {
      "accuracy": 0.9030612244897959,
      "macro_f1": 0.7766894117881957,
      "per_label": {
        "analysis_explainer": {
          "precision": 0.7857142857142857,
          "recall": 0.2682926829268293,
          "f1": 0.39999999999999997,
          "support": 41
        },
        "live_or_alert": {
          "precision": 0.7647058823529411,
          "recall": 0.8666666666666667,
          "f1": 0.8125,
          "support": 15
        },
        "question_hook": {
          "precision": 0.9,
          "recall": 1.0,
          "f1": 0.9473684210526316,
          "support": 18
        },
        "straight_report": {
          "precision": 0.9149560117302052,
          "recall": 0.9811320754716981,
          "f1": 0.9468892261001518,
          "support": 318
        }
      }
    }
  },
  "dev": {
    "n": 75,
    "lead_frame": {
      "accuracy": 0.9866666666666667,
      "macro_f1": 0.9860291223927588,
      "per_label": {
        "action_first": {
          "precision": 1.0,
          "recall": 1.0,
          "f1": 1.0,
          "support": 3
        },
        "actor_entity_first": {
          "precision": 0.9836065573770492,
          "recall": 1.0,
          "f1": 0.9917355371900827,
          "support": 60
        },
        "context_first": {
          "precision": 1.0,
          "recall": 0.9090909090909091,
          "f1": 0.9523809523809523,
          "support": 11
        },
        "other_lead": {
          "precision": 1.0,
          "recall": 1.0,
          "f1": 1.0,
          "support": 1
        }
      }
    },
    "agency_style": {
      "accuracy": 0.9466666666666667,
      "macro_f1": 0.45740740740740743,
      "per_label": {
        "active_or_nonpassive": {
          "precision": 0.958904109589041,
          "recall": 0.9859154929577465,
          "f1": 0.9722222222222222,
          "support": 71
        },
        "passive_agent_omitted": {
          "precision": 0.5,
          "recall": 0.3333333333333333,
          "f1": 0.4,
          "support": 3
        },
        "passive_with_agent": {
          "precision": 0.0,
          "recall": 0.0,
          "f1": 0.0,
          "support": 1
        }
      }
    },
    "density_band": {
      "accuracy": 1.0,
      "macro_f1": 1.0,
      "per_label": {
        "high_density": {
          "precision": 1.0,
          "recall": 1.0,
          "f1": 1.0,
          "support": 54
        },
        "low_density": {
          "precision": 1.0,
          "recall": 1.0,
          "f1": 1.0,
          "support": 3
        },
        "medium_density": {
          "precision": 1.0,
          "recall": 1.0,
          "f1": 1.0,
          "support": 18
        }
      }
    },
    "rhetorical_mode": {
      "accuracy": 0.9066666666666666,
      "macro_f1": 0.7778871391076115,
      "per_label": {
        "analysis_explainer": {
          "precision": 0.75,
          "recall": 0.375,
          "f1": 0.5,
          "support": 8
        },
        "live_or_alert": {
          "precision": 1.0,
          "recall": 0.5,
          "f1": 0.6666666666666666,
          "support": 2
        },
        "question_hook": {
          "precision": 1.0,
          "recall": 1.0,
          "f1": 1.0,
          "support": 4
        },
        "straight_report": {
          "precision": 0.9090909090909091,
          "recall": 0.9836065573770492,
          "f1": 0.9448818897637795,
          "support": 61
        }
      }
    }
  },
  "test": {
    "n": 83,
    "lead_frame": {
      "accuracy": 0.9518072289156626,
      "macro_f1": 0.8475,
      "per_label": {
        "action_first": {
          "precision": 0.75,
          "recall": 0.75,
          "f1": 0.75,
          "support": 4
        },
        "actor_entity_first": {
          "precision": 0.9733333333333334,
          "recall": 0.9733333333333334,
          "f1": 0.9733333333333334,
          "support": 75
        },
        "context_first": {
          "precision": 0.6666666666666666,
          "recall": 0.6666666666666666,
          "f1": 0.6666666666666666,
          "support": 3
        },
        "event_first": {
          "precision": 1.0,
          "recall": 1.0,
          "f1": 1.0,
          "support": 1
        }
      }
    },
    "agency_style": {
      "accuracy": 0.9397590361445783,
      "macro_f1": 0.5448028673835125,
      "per_label": {
        "active_or_nonpassive": {
          "precision": 0.9615384615384616,
          "recall": 0.974025974025974,
          "f1": 0.967741935483871,
          "support": 77
        },
        "passive_agent_omitted": {
          "precision": 0.75,
          "recall": 0.6,
          "f1": 0.6666666666666665,
          "support": 5
        },
        "passive_with_agent": {
          "precision": 0.0,
          "recall": 0.0,
          "f1": 0.0,
          "support": 1
        }
      }
    },
    "density_band": {
      "accuracy": 0.963855421686747,
      "macro_f1": 0.9683408247019738,
      "per_label": {
        "high_density": {
          "precision": 1.0,
          "recall": 0.9508196721311475,
          "f1": 0.9747899159663865,
          "support": 61
        },
        "low_density": {
          "precision": 1.0,
          "recall": 1.0,
          "f1": 1.0,
          "support": 2
        },
        "medium_density": {
          "precision": 0.8695652173913043,
          "recall": 1.0,
          "f1": 0.9302325581395349,
          "support": 20
        }
      }
    },
    "rhetorical_mode": {
      "accuracy": 0.9036144578313253,
      "macro_f1": 0.8013001083423619,
      "per_label": {
        "analysis_explainer": {
          "precision": 1.0,
          "recall": 0.3,