{
  "train_distribution": {
    "passive_clause": 19,
    "noun_phrase_fragment": 35,
    "simple_clause": 186,
    "other": 4,
    "coordination": 17,
    "question_form": 15
  },
  "dev": {
    "n": 90,
    "rule_based": {
      "accuracy": 0.7777777777777778,
      "macro_precision": 0.6513888888888889,
      "macro_recall": 0.484376018246986,
      "macro_f1": 0.506012506012506,
      "micro_precision": 0.7777777777777778,
      "micro_recall": 0.7777777777777778,
      "micro_f1": 0.7777777777777778,
      "per_label": {
        "question_form": {
          "precision": 0.8333333333333334,
          "recall": 1.0,
          "f1": 0.9090909090909091,
          "support": 5
        },
        "passive_clause": {
          "precision": 1.0,
          "recall": 0.16666666666666666,
          "f1": 0.2857142857142857,
          "support": 6
        },
        "coordination": {
          "precision": 0.5,
          "recall": 0.2,
          "f1": 0.28571428571428575,
          "support": 5
        },
        "noun_phrase_fragment": {
          "precision": 0.7,
          "recall": 0.6363636363636364,
          "f1": 0.6666666666666666,
          "support": 11
        },
        "simple_clause": {
          "precision": 0.875,
          "recall": 0.9032258064516129,
          "f1": 0.8888888888888888,
          "support": 62
        },
        "other": {
          "precision": 0.0,
          "recall": 0.0,
          "f1": 0.0,
          "support": 1
        }
      }
    },
    "majority_baseline": {
      "accuracy": 0.6888888888888889,
      "macro_precision": 0.11481481481481481,
      "macro_recall": 0.16666666666666666,
      "macro_f1": 0.13596491228070176,
      "micro_precision": 0.6888888888888889,
      "micro_recall": 0.6888888888888889,
      "micro_f1": 0.6888888888888889,
      "per_label": {
        "question_form": {
          "precision": 0.0,
          "recall": 0.0,
          "f1": 0.0,
          "support": 5
        },
        "passive_clause": {
          "precision": 0.0,
          "recall": 0.0,
          "f1": 0.0,
          "support": 6
        },
        "coordination": {
          "precision": 0.0,
          "recall": 0.0,
          "f1": 0.0,
          "support": 5
        },
        "noun_phrase_fragment": {
          "precision": 0.0,
          "recall": 0.0,
          "f1": 0.0,
          "support": 11
        },
        "simple_clause": {
          "precision": 0.6888888888888889,
          "recall": 1.0,
          "f1": 0.8157894736842105,
          "support": 62
        },
        "other": {
          "precision": 0.0,
          "recall": 0.0,
          "f1": 0.0,
          "support": 1
        }
      }
    },
    "random_baseline": {
      "accuracy": 0.4777777777777778,
      "macro_precision": 0.17361111111111108,
      "macro_recall": 0.190534376018247,
      "macro_f1": 0.17963481688971883,
      "micro_precision": 0.4777777777777778,
      "micro_recall": 0.4777777777777778,
      "micro_f1": 0.4777777777777778,
      "per_label": {
        "question_form": {
          "precision": 0.0,
          "recall": 0.0,
          "f1": 0.0,
          "support": 5
        },
        "passive_clause": {
          "precision": 0.125,
          "recall": 0.16666666666666666,
          "f1": 0.14285714285714288,
          "support": 6
        },
        "coordination": {
          "precision": 0.0,
          "recall": 0.0,
          "f1": 0.0,
          "support": 5
        },
        "noun_phrase_fragment": {
          "precision": 0.25,
          "recall": 0.36363636363636365,
          "f1": 0.2962962962962963,
          "support": 11
        },
        "simple_clause": {
          "precision": 0.6666666666666666,
          "recall": 0.6129032258064516,
          "f1": 0.6386554621848739,
          "support": 62
        },
        "other": {
          "precision": 0.0,
          "recall": 0.0,
          "f1": 0.0,
          "support": 1
        }
      }
    }
  },
  "test": {
    "n": 99,
    "rule_based": {
      "accuracy": 0.7474747474747475,
      "macro_precision": 0.5416289592760181,
      "macro_recall": 0.5026098901098901,
      "macro_f1": 0.5150732127476314,
      "micro_precision": 0.7474747474747475,
      "micro_recall": 0.7474747474747475,
      "micro_f1": 0.7474747474747475,
      "per_label": {
        "question_form": {
          "precision": 1.0,
          "recall": 0.8,
          "f1": 0.888888888888889,
          "support": 5
        },
        "passive_clause": {
          "precision": 0.6,
          "recall": 0.42857142857142855,
          "f1": 0.5,
          "support": 7
        },
        "coordination": {
          "precision": 0.2,
          "recall": 0.14285714285714285,
          "f1": 0.16666666666666666,
          "support": 7
        },
        "noun_phrase_fragment": {
          "precision": 0.5882352941176471,
          "recall": 0.7692307692307693,
          "f1": 0.6666666666666667,
          "support": 13
        },
        "simple_clause": {
          "precision": 0.8615384615384616,
          "recall": 0.875,
          "f1": 0.8682170542635659,
          "support": 64
        },
        "other": {
          "precision": 0.0,
          "recall": 0.0,
          "f1": 0.0,
          "support": 3
        }
      }
    },
    "majority_baseline": {
      "accuracy": 0.6464646464646465,
      "macro_precision": 0.10774410774410775,
      "macro_recall": 0.16666666666666666,
      "macro_f1": 0.130879345603272,
      "micro_precision": 0.6464646464646465,
      "micro_recall": 0.6464646464646465,
      "micro_f1": 0.6464646464646465,
      "per_label": {
        "question_form": {
          "precision": 0.0,
          "recall": 0.0,
          "f1": 0.0,
          "support": 5
        },
        "passive_clause": {
          "precision": 0.0,
          "recall": 0.0,
          "f1": 0.0,
          "support": 7
        },
        "coordination": {
          "precision": 0.0,
          "recall": 0.0,
          "f1": 0.0,
          "support": 7
        },
        "noun_phrase_fragment": {
          "precision": 0.0,
          "recall": 0.0,
          "f1": 0.0,
          "support": 13
        },
        "simple_clause": {
          "precision": 0.6464646464646465,
          "recall": 1.0,
          "f1": 0.7852760736196319,
          "support": 64
        },
        "other": {
          "precision": 0.0,
          "recall": 0.0,
          "f1": 0.0,
          "support": 3
        }
      }
    },
    "random_baseline": {
      "accuracy": 0.4444444444444444,
      "macro_precision": 0.18159353905496622,
      "macro_recall": 0.1884157509157509,
      "macro_f1": 0.18444444444444444,
      "micro_precision": 0.4444444444444444,
      "micro_recall": 0.4444444444444444,
      "micro_f1": 0.4444444444444444,
      "per_label": {
        "question_form": {
          "precision": 0.0,
          "recall": 0.0,
          "f1": 0.0,
          "support": 5
        },
        "passive_clause": {
          "precision": 0.375,
          "recall": 0.42857142857142855,
          "f1": 0.39999999999999997,
          "support": 7
        },
        "coordination": {
          "precision": 0.0,
          "recall": 0.0,
          "f1": 0.0,
          "support": 7
        },
        "noun_phrase_fragment": {
          "precision": 0.058823529411764705,
          "recall": 0.07692307692307693,
          "f1": 0.06666666666666667,
          "support": 13
        },
        "simple_clause": {
          "precision": 0.6557377049180327,
          "recall": 0.625,
          "f1": 0.64,
          "support": 64
        },
        "other": {
          "precision": 0.0,
          "recall": 0.0,
          "f1": 0.0,
          "support": 3
        }
      }
    }
  }
}