{
  "train_distribution": {
    "simple_clause": 158,
    "other": 4,
    "coordination": 14,
    "question_form": 12,
    "noun_phrase_fragment": 32,
    "passive_clause": 14
  },
  "dev": {
    "n": 75,
    "rule_based": {
      "accuracy": 0.8133333333333334,
      "macro_precision": 0.5558974358974359,
      "macro_recall": 0.5724358974358975,
      "macro_f1": 0.5533058634081652,
      "micro_precision": 0.8133333333333334,
      "micro_recall": 0.8133333333333334,
      "micro_f1": 0.8133333333333334,
      "per_label": {
        "question_form": {
          "precision": 0.8,
          "recall": 1.0,
          "f1": 0.888888888888889,
          "support": 4
        },
        "passive_clause": {
          "precision": 0.5,
          "recall": 0.5,
          "f1": 0.5,
          "support": 4
        },
        "coordination": {
          "precision": 0.5,
          "recall": 0.25,
          "f1": 0.3333333333333333,
          "support": 4
        },
        "noun_phrase_fragment": {
          "precision": 0.6153846153846154,
          "recall": 0.8,
          "f1": 0.6956521739130435,
          "support": 10
        },
        "simple_clause": {
          "precision": 0.92,
          "recall": 0.8846153846153846,
          "f1": 0.9019607843137256,
          "support": 52
        },
        "other": {
          "precision": 0.0,
          "recall": 0.0,
          "f1": 0.0,
          "support": 1
        }
      }
    },
    "majority_baseline": {
      "accuracy": 0.6933333333333334,
      "macro_precision": 0.11555555555555556,
      "macro_recall": 0.16666666666666666,
      "macro_f1": 0.13648293963254593,
      "micro_precision": 0.6933333333333334,
      "micro_recall": 0.6933333333333334,
      "micro_f1": 0.6933333333333334,
      "per_label": {
        "question_form": {
          "precision": 0.0,
          "recall": 0.0,
          "f1": 0.0,
          "support": 4
        },
        "passive_clause": {
          "precision": 0.0,
          "recall": 0.0,
          "f1": 0.0,
          "support": 4
        },
        "coordination": {
          "precision": 0.0,
          "recall": 0.0,
          "f1": 0.0,
          "support": 4
        },
        "noun_phrase_fragment": {
          "precision": 0.0,
          "recall": 0.0,
          "f1": 0.0,
          "support": 10
        },
        "simple_clause": {
          "precision": 0.6933333333333334,
          "recall": 1.0,
          "f1": 0.8188976377952756,
          "support": 52
        },
        "other": {
          "precision": 0.0,
          "recall": 0.0,
          "f1": 0.0,
          "support": 1
        }
      }
    },
    "random_baseline": {
      "accuracy": 0.5333333333333333,
      "macro_precision": 0.13273809523809524,
      "macro_recall": 0.14166666666666666,
      "macro_f1": 0.13703703703703704,
      "micro_precision": 0.5333333333333333,
      "micro_recall": 0.5333333333333333,
      "micro_f1": 0.5333333333333333,
      "per_label": {
        "question_form": {
          "precision": 0.0,
          "recall": 0.0,
          "f1": 0.0,
          "support": 4
        },
        "passive_clause": {
          "precision": 0.0,
          "recall": 0.0,
          "f1": 0.0,
          "support": 4
        },
        "coordination": {
          "precision": 0.0,
          "recall": 0.0,
          "f1": 0.0,
          "support": 4
        },
        "noun_phrase_fragment": {
          "precision": 0.1,
          "recall": 0.1,
          "f1": 0.10000000000000002,
          "support": 10
        },
        "simple_clause": {
          "precision": 0.6964285714285714,
          "recall": 0.75,
          "f1": 0.7222222222222223,
          "support": 52
        },
        "other": {
          "precision": 0.0,
          "recall": 0.0,
          "f1": 0.0,
          "support": 1
        }
      }
    }
  },
  "test": {
    "n": 83,
    "rule_based": {
      "accuracy": 0.7469879518072289,
      "macro_precision": 0.5018957650536598,
      "macro_recall": 0.495020964360587,
      "macro_f1": 0.49451215451215447,
      "micro_precision": 0.7469879518072289,
      "micro_recall": 0.7469879518072289,
      "micro_f1": 0.7469879518072289,
      "per_label": {
        "question_form": {
          "precision": 1.0,
          "recall": 0.75,
          "f1": 0.8571428571428571,
          "support": 4
        },
        "passive_clause": {
          "precision": 0.5714285714285714,
          "recall": 0.6666666666666666,
          "f1": 0.6153846153846153,
          "support": 6
        },
        "coordination": {
          "precision": 0.0,
          "recall": 0.0,
          "f1": 0.0,
          "support": 6
        },
        "noun_phrase_fragment": {
          "precision": 0.6153846153846154,
          "recall": 0.6666666666666666,
          "f1": 0.64,
          "support": 12
        },
        "simple_clause": {
          "precision": 0.8245614035087719,
          "recall": 0.8867924528301887,
          "f1": 0.8545454545454546,
          "support": 53
        },
        "other": {
          "precision": 0.0,
          "recall": 0.0,
          "f1": 0.0,
          "support": 2
        }
      }
    },
    "majority_baseline": {
      "accuracy": 0.6385542168674698,
      "macro_precision": 0.10642570281124497,
      "macro_recall": 0.16666666666666666,
      "macro_f1": 0.12990196078431374,
      "micro_precision": 0.6385542168674698,
      "micro_recall": 0.6385542168674698,
      "micro_f1": 0.6385542168674698,
      "per_label": {
        "question_form": {
          "precision": 0.0,
          "recall": 0.0,
          "f1": 0.0,
          "support": 4
        },
        "passive_clause": {
          "precision": 0.0,
          "recall": 0.0,
          "f1": 0.0,
          "support": 6
        },
        "coordination": {
          "precision": 0.0,
          "recall": 0.0,
          "f1": 0.0,
          "support": 6
        },
        "noun_phrase_fragment": {
          "precision": 0.0,
          "recall": 0.0,
          "f1": 0.0,
          "support": 12
        },
        "simple_clause": {
          "precision": 0.6385542168674698,
          "recall": 1.0,
          "f1": 0.7794117647058824,
          "support": 53
        },
        "other": {
          "precision": 0.0,
          "recall": 0.0,
          "f1": 0.0,
          "support": 2
        }
      }
    },
    "random_baseline": {
      "accuracy": 0.4578313253012048,
      "macro_precision": 0.13199665831244778,
      "macro_recall": 0.1441299790356394,
      "macro_f1": 0.13776223776223778,
      "micro_precision": 0.4578313253012048,
      "micro_recall": 0.4578313253012048,
      "micro_f1": 0.4578313253012048,
      "per_label": {
        "question_form": {
          "precision": 0.0,
          "recall": 0.0,
          "f1": 0.0,
          "support": 4
        },
        "passive_clause": {
          "precision": 0.14285714285714285,
          "recall": 0.16666666666666666,
          "f1": 0.15384615384615383,
          "support": 6
        },
        "coordination": {
          "precision": 0.0,
          "recall": 0.0,
          "f1": 0.0,
          "support": 6
        },
        "noun_phrase_fragment": {
          "precision": 0.0,
          "recall": 0.0,
          "f1": 0.0,
          "support": 12
        },
        "simple_clause": {
          "precision": 0.6491228070175439,
          "recall": 0.6981132075471698,
          "f1": 0.6727272727272728,
          "support": 53
        },
        "other": {
          "precision": 0.0,
          "recall": 0.0,
          "f1": 0.0,
          "support": 2
        }
      }
    }
  }
}