{
  "train_distribution": {
    "passive_clause": 14,
    "noun_phrase_fragment": 32,
    "simple_clause": 158,
    "other": 4,
    "coordination": 14,
    "question_form": 12
  },
  "dev": {
    "n": 75,
    "rule_based": {
      "accuracy": 0.8133333333333334,
      "macro_precision": 0.6458719851576994,
      "macro_recall": 0.6493589743589744,
      "macro_f1": 0.6471986484362722,
      "micro_precision": 0.8133333333333334,
      "micro_recall": 0.8133333333333334,
      "micro_f1": 0.8133333333333334,
      "per_label": {
        "question_form": {
          "precision": 1.0,
          "recall": 1.0,
          "f1": 1.0,
          "support": 4
        },
        "passive_clause": {
          "precision": 0.5,
          "recall": 0.5,
          "f1": 0.5,
          "support": 4
        },
        "coordination": {
          "precision": 0.75,
          "recall": 0.75,
          "f1": 0.75,
          "support": 4
        },
        "noun_phrase_fragment": {
          "precision": 0.7272727272727273,
          "recall": 0.8,
          "f1": 0.761904761904762,
          "support": 10
        },
        "simple_clause": {
          "precision": 0.8979591836734694,
          "recall": 0.8461538461538461,
          "f1": 0.8712871287128713,
          "support": 52
        },
        "other": {
          "precision": 0.0,
          "recall": 0.0,
          "f1": 0.0,
          "support": 1
        }
      }
    },
    "majority_baseline": {
      "accuracy": 0.6933333333333334,
      "macro_precision": 0.11555555555555556,
      "macro_recall": 0.16666666666666666,
      "macro_f1": 0.13648293963254593,
      "micro_precision": 0.6933333333333334,
      "micro_recall": 0.6933333333333334,
      "micro_f1": 0.6933333333333334,
      "per_label": {
        "question_form": {
          "precision": 0.0,
          "recall": 0.0,
          "f1": 0.0,
          "support": 4
        },
        "passive_clause": {
          "precision": 0.0,
          "recall": 0.0,
          "f1": 0.0,
          "support": 4
        },
        "coordination": {
          "precision": 0.0,
          "recall": 0.0,
          "f1": 0.0,
          "support": 4
        },
        "noun_phrase_fragment": {
          "precision": 0.0,
          "recall": 0.0,
          "f1": 0.0,
          "support": 10
        },
        "simple_clause": {
          "precision": 0.6933333333333334,
          "recall": 1.0,
          "f1": 0.8188976377952756,
          "support": 52
        },
        "other": {
          "precision": 0.0,
          "recall": 0.0,
          "f1": 0.0,
          "support": 1
        }
      }
    },
    "random_baseline": {
      "accuracy": 0.5066666666666667,
      "macro_precision": 0.15998931623931623,
      "macro_recall": 0.1621794871794872,
      "macro_f1": 0.16014492753623188,
      "micro_precision": 0.5066666666666667,
      "micro_recall": 0.5066666666666667,
      "micro_f1": 0.5066666666666667,
      "per_label": {
        "question_form": {
          "precision": 0.0,
          "recall": 0.0,
          "f1": 0.0,
          "support": 4
        },
        "passive_clause": {
          "precision": 0.0,
          "recall": 0.0,
          "f1": 0.0,
          "support": 4
        },
        "coordination": {
          "precision": 0.0,
          "recall": 0.0,
          "f1": 0.0,
          "support": 4
        },
        "noun_phrase_fragment": {
          "precision": 0.23076923076923078,
          "recall": 0.3,
          "f1": 0.2608695652173913,
          "support": 10
        },
        "simple_clause": {
          "precision": 0.7291666666666666,
          "recall": 0.6730769230769231,
          "f1": 0.7,
          "support": 52
        },
        "other": {
          "precision": 0.0,
          "recall": 0.0,
          "f1": 0.0,
          "support": 1
        }
      }
    }
  },
  "test": {
    "n": 83,
    "rule_based": {
      "accuracy": 0.7228915662650602,
      "macro_precision": 0.5089506172839506,
      "macro_recall": 0.4672431865828092,
      "macro_f1": 0.4826969067623273,
      "micro_precision": 0.7228915662650602,
      "micro_recall": 0.7228915662650602,
      "micro_f1": 0.7228915662650603,
      "per_label": {
        "question_form": {
          "precision": 0.75,
          "recall": 0.75,
          "f1": 0.75,
          "support": 4
        },
        "passive_clause": {
          "precision": 0.6,
          "recall": 0.5,
          "f1": 0.5454545454545454,
          "support": 6
        },
        "coordination": {
          "precision": 0.3333333333333333,
          "recall": 0.16666666666666666,
          "f1": 0.2222222222222222,
          "support": 6
        },
        "noun_phrase_fragment": {
          "precision": 0.5,
          "recall": 0.5,
          "f1": 0.5,
          "support": 12
        },
        "simple_clause": {
          "precision": 0.8703703703703703,
          "recall": 0.8867924528301887,
          "f1": 0.8785046728971964,
          "support": 53
        },
        "other": {
          "precision": 0.0,
          "recall": 0.0,
          "f1": 0.0,
          "support": 2
        }
      }
    },
    "majority_baseline": {
      "accuracy": 0.6385542168674698,
      "macro_precision": 0.10642570281124497,
      "macro_recall": 0.16666666666666666,
      "macro_f1": 0.12990196078431374,
      "micro_precision": 0.6385542168674698,
      "micro_recall": 0.6385542168674698,
      "micro_f1": 0.6385542168674698,
      "per_label": {
        "question_form": {
          "precision": 0.0,
          "recall": 0.0,
          "f1": 0.0,
          "support": 4
        },
        "passive_clause": {
          "precision": 0.0,
          "recall": 0.0,
          "f1": 0.0,
          "support": 6
        },
        "coordination": {
          "precision": 0.0,
          "recall": 0.0,
          "f1": 0.0,
          "support": 6
        },
        "noun_phrase_fragment": {
          "precision": 0.0,
          "recall": 0.0,
          "f1": 0.0,
          "support": 12
        },
        "simple_clause": {
          "precision": 0.6385542168674698,
          "recall": 1.0,
          "f1": 0.7794117647058824,
          "support": 53
        },
        "other": {
          "precision": 0.0,
          "recall": 0.0,
          "f1": 0.0,
          "support": 2
        }
      }
    },
    "random_baseline": {
      "accuracy": 0.4457831325301205,
      "macro_precision": 0.2009958071278826,
      "macro_recall": 0.1871069182389937,
      "macro_f1": 0.19266247379454926,
      "micro_precision": 0.4457831325301205,
      "micro_recall": 0.4457831325301205,
      "micro_f1": 0.4457831325301205,
      "per_label": {
        "question_form": {
          "precision": 0.0,
          "recall": 0.0,
          "f1": 0.0,
          "support": 4
        },
        "passive_clause": {
          "precision": 0.16666666666666666,
          "recall": 0.16666666666666666,
          "f1": 0.16666666666666666,
          "support": 6
        },
        "coordination": {
          "precision": 0.25,
          "recall": 0.16666666666666666,
          "f1": 0.2,
          "support": 6
        },
        "noun_phrase_fragment": {
          "precision": 0.16666666666666666,
          "recall": 0.16666666666666666,
          "f1": 0.16666666666666666,
          "support": 12
        },
        "simple_clause": {
          "precision": 0.6226415094339622,
          "recall": 0.6226415094339622,
          "f1": 0.6226415094339622,
          "support": 53
        },
        "other": {
          "precision": 0.0,
          "recall": 0.0,
          "f1": 0.0,
          "support": 2
        }
      }
    }
  }
}