{
  "all": {
    "n": 465,
    "lead_frame": {
      "accuracy": 0.946236559139785,
      "macro_f1": 0.9123995582429222,
      "per_label": {
        "action_first": {
          "precision": 0.6842105263157895,
          "recall": 0.8666666666666667,
          "f1": 0.7647058823529413,
          "support": 15
        },
        "actor_entity_first": {
          "precision": 0.9833333333333333,
          "recall": 0.9516129032258065,
          "f1": 0.9672131147540983,
          "support": 372
        },
        "context_first": {
          "precision": 0.8356164383561644,
          "recall": 0.9242424242424242,
          "f1": 0.8776978417266188,
          "support": 66
        },
        "event_first": {
          "precision": 1.0,
          "recall": 1.0,
          "f1": 1.0,
          "support": 2
        },
        "other_lead": {
          "precision": 0.9090909090909091,
          "recall": 1.0,
          "f1": 0.9523809523809523,
          "support": 10
        }
      }
    },
    "agency_style": {
      "accuracy": 0.9354838709677419,
      "macro_f1": 0.6146453089244851,
      "per_label": {
        "active_or_nonpassive": {
          "precision": 0.9504504504504504,
          "recall": 0.9813953488372092,
          "f1": 0.965675057208238,
          "support": 430
        },
        "passive_agent_omitted": {
          "precision": 0.6111111111111112,
          "recall": 0.39285714285714285,
          "f1": 0.4782608695652174,
          "support": 28
        },
        "passive_with_agent": {
          "precision": 0.6666666666666666,
          "recall": 0.2857142857142857,
          "f1": 0.4,
          "support": 7
        }
      }
    },
    "density_band": {
      "accuracy": 0.9806451612903225,
      "macro_f1": 0.9732704516363643,
      "per_label": {
        "high_density": {
          "precision": 1.0,
          "recall": 0.9748427672955975,
          "f1": 0.9872611464968153,
          "support": 318
        },
        "low_density": {
          "precision": 1.0,
          "recall": 0.9333333333333333,
          "f1": 0.9655172413793104,
          "support": 15
        },
        "medium_density": {
          "precision": 0.9361702127659575,
          "recall": 1.0,
          "f1": 0.967032967032967,
          "support": 132
        }
      }
    },
    "rhetorical_mode": {
      "accuracy": 0.9139784946236559,
      "macro_f1": 0.7854369006415481,
      "per_label": {
        "analysis_explainer": {
          "precision": 0.8,
          "recall": 0.2727272727272727,
          "f1": 0.4067796610169491,
          "support": 44
        },
        "live_or_alert": {
          "precision": 0.7777777777777778,
          "recall": 0.875,
          "f1": 0.823529411764706,
          "support": 16
        },
        "question_hook": {
          "precision": 0.92,
          "recall": 1.0,
          "f1": 0.9583333333333334,
          "support": 23
        },
        "straight_report": {
          "precision": 0.9238329238329238,
          "recall": 0.9842931937172775,
          "f1": 0.9531051964512041,
          "support": 382
        }
      }
    }
  },
  "dev": {
    "n": 90,
    "lead_frame": {
      "accuracy": 0.9333333333333333,
      "macro_f1": 0.8800258397932816,
      "per_label": {
        "action_first": {
          "precision": 0.6,
          "recall": 1.0,
          "f1": 0.7499999999999999,
          "support": 3
        },
        "actor_entity_first": {
          "precision": 0.9841269841269841,
          "recall": 0.9393939393939394,
          "f1": 0.9612403100775193,
          "support": 66
        },
        "context_first": {
          "precision": 0.8888888888888888,
          "recall": 0.8888888888888888,
          "f1": 0.8888888888888888,
          "support": 18
        },
        "event_first": {
          "precision": 1.0,
          "recall": 1.0,
          "f1": 1.0,
          "support": 1
        },
        "other_lead": {
          "precision": 0.6666666666666666,
          "recall": 1.0,
          "f1": 0.8,
          "support": 2
        }
      }
    },
    "agency_style": {
      "accuracy": 0.9666666666666667,
      "macro_f1": 0.5940828402366864,
      "per_label": {
        "active_or_nonpassive": {
          "precision": 0.9651162790697675,
          "recall": 1.0,
          "f1": 0.9822485207100593,
          "support": 83
        },
        "passive_agent_omitted": {
          "precision": 1.0,
          "recall": 0.6666666666666666,
          "f1": 0.8,
          "support": 6
        },
        "passive_with_agent": {
          "precision": 0.0,
          "recall": 0.0,
          "f1": 0.0,
          "support": 1
        }
      }
    },
    "density_band": {
      "accuracy": 0.9666666666666667,
      "macro_f1": 0.9273086283693805,
      "per_label": {
        "high_density": {
          "precision": 1.0,
          "recall": 0.967741935483871,
          "f1": 0.9836065573770492,
          "support": 62
        },
        "low_density": {
          "precision": 1.0,
          "recall": 0.75,
          "f1": 0.8571428571428571,
          "support": 4
        },
        "medium_density": {
          "precision": 0.8888888888888888,
          "recall": 1.0,
          "f1": 0.9411764705882353,
          "support": 24
        }
      }
    },
    "rhetorical_mode": {
      "accuracy": 0.9444444444444444,
      "macro_f1": 0.8133640552995391,
      "per_label": {
        "analysis_explainer": {
          "precision": 0.5,
          "recall": 0.2,
          "f1": 0.28571428571428575,
          "support": 5
        },
        "live_or_alert": {
          "precision": 1.0,
          "recall": 1.0,
          "f1": 1.0,
          "support": 4
        },
        "question_hook": {
          "precision": 1.0,
          "recall": 1.0,
          "f1": 1.0,
          "support": 5
        },
        "straight_report": {
          "precision": 0.9493670886075949,
          "recall": 0.9868421052631579,
          "f1": 0.967741935483871,
          "support": 76
        }
      }
    }
  },
  "test": {
    "n": 98,
    "lead_frame": {
      "accuracy": 0.9489795918367347,
      "macro_f1": 0.8279505582137161,
      "per_label": {
        "action_first": {
          "precision": 0.5,
          "recall": 0.5,
          "f1": 0.5,
          "support": 2
        },
        "actor_entity_first": {
          "precision": 0.975609756097561,
          "recall": 0.963855421686747,
          "f1": 0.9696969696969697,
          "support": 83
        },
        "context_first": {
          "precision": 0.8,
          "recall": 0.8888888888888888,
          "f1": 0.8421052631578948,
          "support": 9
        },
        "other_lead": {
          "precision": 1.0,
          "recall": 1.0,
          "f1": 1.0,
          "support": 4
        }
      }
    },
    "agency_style": {
      "accuracy": 0.8877551020408163,
      "macro_f1": 0.5468684321143338,
      "per_label": {
        "active_or_nonpassive": {
          "precision": 0.9347826086956522,
          "recall": 0.945054945054945,
          "f1": 0.9398907103825138,
          "support": 91
        },
        "passive_agent_omitted": {
          "precision": 0.16666666666666666,
          "recall": 0.14285714285714285,
          "f1": 0.15384615384615383,
          "support": 7
        }
      }
    },
    "density_band": {
      "accuracy": 0.9897959183673469,
      "macro_f1": 0.9919515397975177,
      "per_label": {
        "high_density": {
          "precision": 1.0,
          "recall": 0.9846153846153847,
          "f1": 0.9922480620155039,
          "support": 65
        },
        "low_density": {
          "precision": 1.0,
          "recall": 1.0,
          "f1": 1.0,
          "support": 3
        },
        "medium_density": {
          "precision": 0.967741935483871,
          "recall": 1.0,
          "f1": 0.9836065573770492,
          "support": 30
        }
      }
    },
    "rhetorical_mode": {
      "accuracy": 0.8979591836734694,