{
  "all": {
    "n": 465,
    "lead_frame": {
      "accuracy": 0.946236559139785,
      "macro_f1": 0.9123995582429222,
      "per_label": {
        "action_first": {
          "precision": 0.6842105263157895,
          "recall": 0.8666666666666667,
          "f1": 0.7647058823529413,
          "support": 15
        },
        "actor_entity_first": {
          "precision": 0.9833333333333333,
          "recall": 0.9516129032258065,
          "f1": 0.9672131147540983,
          "support": 372
        },
        "context_first": {
          "precision": 0.8356164383561644,
          "recall": 0.9242424242424242,
          "f1": 0.8776978417266188,
          "support": 66
        },
        "event_first": {
          "precision": 1.0,
          "recall": 1.0,
          "f1": 1.0,
          "support": 2
        },
        "other_lead": {
          "precision": 0.9090909090909091,
          "recall": 1.0,
          "f1": 0.9523809523809523,
          "support": 10
        }
      }
    },
    "agency_style": {
      "accuracy": 0.9354838709677419,
      "macro_f1": 0.6146453089244851,
      "per_label": {
        "active_or_nonpassive": {
          "precision": 0.9504504504504504,
          "recall": 0.9813953488372092,
          "f1": 0.965675057208238,
          "support": 430
        },
        "passive_agent_omitted": {
          "precision": 0.6111111111111112,
          "recall": 0.39285714285714285,
          "f1": 0.4782608695652174,
          "support": 28
        },
        "passive_with_agent": {
          "precision": 0.6666666666666666,
          "recall": 0.2857142857142857,
          "f1": 0.4,
          "support": 7
        }
      }
    },
    "density_band": {
      "accuracy": 0.9806451612903225,
      "macro_f1": 0.9732704516363643,
      "per_label": {
        "high_density": {
          "precision": 1.0,
          "recall": 0.9748427672955975,
          "f1": 0.9872611464968153,
          "support": 318
        },
        "low_density": {
          "precision": 1.0,
          "recall": 0.9333333333333333,
          "f1": 0.9655172413793104,
          "support": 15
        },
        "medium_density": {
          "precision": 0.9361702127659575,
          "recall": 1.0,
          "f1": 0.967032967032967,
          "support": 132
        }
      }
    },
    "rhetorical_mode": {
      "accuracy": 0.9139784946236559,
      "macro_f1": 0.7854369006415481,
      "per_label": {
        "analysis_explainer": {
          "precision": 0.8,
          "recall": 0.2727272727272727,
          "f1": 0.4067796610169491,
          "support": 44
        },
        "live_or_alert": {
          "precision": 0.7777777777777778,
          "recall": 0.875,
          "f1": 0.823529411764706,
          "support": 16
        },
        "question_hook": {
          "precision": 0.92,
          "recall": 1.0,
          "f1": 0.9583333333333334,
          "support": 23
        },
        "straight_report": {
          "precision": 0.9238329238329238,
          "recall": 0.9842931937172775,
          "f1": 0.9531051964512041,
          "support": 382
        }
      }
    }
  },
  "dev": {
    "n": 90,
    "lead_frame": {
      "accuracy": 0.9555555555555556,
      "macro_f1": 0.9374021909233177,
      "per_label": {
        "action_first": {
          "precision": 0.8,
          "recall": 1.0,
          "f1": 0.888888888888889,
          "support": 4
        },
        "actor_entity_first": {
          "precision": 0.9857142857142858,
          "recall": 0.9583333333333334,
          "f1": 0.971830985915493,
          "support": 72
        },
        "context_first": {
          "precision": 0.8571428571428571,
          "recall": 0.9230769230769231,
          "f1": 0.888888888888889,
          "support": 13
        },
        "other_lead": {
          "precision": 1.0,
          "recall": 1.0,
          "f1": 1.0,
          "support": 1
        }
      }
    },
    "agency_style": {
      "accuracy": 0.9444444444444444,
      "macro_f1": 0.4348105330764291,
      "per_label": {
        "active_or_nonpassive": {
          "precision": 0.9438202247191011,
          "recall": 1.0,
          "f1": 0.9710982658959537,
          "support": 84
        },
        "passive_agent_omitted": {
          "precision": 1.0,
          "recall": 0.2,
          "f1": 0.33333333333333337,
          "support": 5
        },
        "passive_with_agent": {
          "precision": 0.0,
          "recall": 0.0,
          "f1": 0.0,
          "support": 1
        }
      }
    },
    "density_band": {
      "accuracy": 0.9888888888888889,
      "macro_f1": 0.944973544973545,
      "per_label": {
        "high_density": {
          "precision": 1.0,
          "recall": 1.0,
          "f1": 1.0,
          "support": 64
        },
        "low_density": {
          "precision": 1.0,
          "recall": 0.75,
          "f1": 0.8571428571428571,
          "support": 4
        },
        "medium_density": {
          "precision": 0.9565217391304348,
          "recall": 1.0,
          "f1": 0.9777777777777777,
          "support": 22
        }
      }
    },
    "rhetorical_mode": {
      "accuracy": 0.9333333333333333,
      "macro_f1": 0.7470887216110146,
      "per_label": {
        "analysis_explainer": {
          "precision": 1.0,
          "recall": 0.2857142857142857,
          "f1": 0.4444444444444445,
          "support": 7
        },
        "live_or_alert": {
          "precision": 0.5,
          "recall": 1.0,
          "f1": 0.6666666666666666,
          "support": 1
        },
        "question_hook": {
          "precision": 0.8333333333333334,
          "recall": 1.0,
          "f1": 0.9090909090909091,
          "support": 5
        },
        "straight_report": {
          "precision": 0.95,
          "recall": 0.987012987012987,
          "f1": 0.9681528662420381,
          "support": 77
        }
      }
    }
  },
  "test": {
    "n": 99,
    "lead_frame": {
      "accuracy": 0.9595959595959596,
      "macro_f1": 0.8807142857142857,
      "per_label": {
        "action_first": {
          "precision": 0.5,
          "recall": 1.0,
          "f1": 0.6666666666666666,
          "support": 1
        },
        "actor_entity_first": {
          "precision": 0.9879518072289156,
          "recall": 0.9647058823529412,
          "f1": 0.9761904761904762,
          "support": 85
        },
        "context_first": {
          "precision": 0.8461538461538461,
          "recall": 0.9166666666666666,
          "f1": 0.8799999999999999,
          "support": 12
        },
        "other_lead": {
          "precision": 1.0,
          "recall": 1.0,
          "f1": 1.0,
          "support": 1
        }
      }
    },
    "agency_style": {
      "accuracy": 0.9393939393939394,
      "macro_f1": 0.6929510155316607,
      "per_label": {
        "active_or_nonpassive": {
          "precision": 0.9574468085106383,
          "recall": 0.9782608695652174,
          "f1": 0.967741935483871,
          "support": 92
        },
        "passive_agent_omitted": {
          "precision": 0.5,
          "recall": 0.4,
          "f1": 0.4444444444444445,
          "support": 5
        },
        "passive_with_agent": {
          "precision": 1.0,
          "recall": 0.5,
          "f1": 0.6666666666666666,
          "support": 2
        }
      }
    },
    "density_band": {
      "accuracy": 0.98989898989899,
      "macro_f1": 0.9915063039150631,
      "per_label": {
        "high_density": {
          "precision": 1.0,
          "recall": 0.9855072463768116,
          "f1": 0.9927007299270074,
          "support": 69
        },
        "low_density": {
          "precision": 1.0,
          "recall": 1.0,
          "f1": 1.0,
          "support": 3
        },
        "medium_density": {
          "precision": 0.9642857142857143,
          "recall": 1.0,
          "f1": 0.9818181818181818,
          "support": 27
        }
      }
    },