{
  "all": {
    "n": 392,
    "lead_frame": {
      "accuracy": 0.9413265306122449,
      "macro_f1": 0.8998582081799921,
      "per_label": {
        "action_first": {
          "precision": 0.6470588235294118,
          "recall": 0.8461538461538461,
          "f1": 0.7333333333333334,
          "support": 13
        },
        "actor_entity_first": {
          "precision": 0.9805825242718447,
          "recall": 0.9498432601880877,
          "f1": 0.964968152866242,
          "support": 319
        },
        "context_first": {
          "precision": 0.8214285714285714,
          "recall": 0.9019607843137255,
          "f1": 0.8598130841121495,
          "support": 51
        },
        "event_first": {
          "precision": 1.0,
          "recall": 1.0,
          "f1": 1.0,
          "support": 1
        },
        "other_lead": {
          "precision": 0.8888888888888888,
          "recall": 1.0,
          "f1": 0.9411764705882353,
          "support": 8
        }
      }
    },
    "agency_style": {
      "accuracy": 0.9464285714285714,
      "macro_f1": 0.664965972899987,
      "per_label": {
        "active_or_nonpassive": {
          "precision": 0.9623655913978495,
          "recall": 0.9808219178082191,
          "f1": 0.9715061058344641,
          "support": 365
        },
        "passive_agent_omitted": {
          "precision": 0.6470588235294118,
          "recall": 0.5238095238095238,
          "f1": 0.5789473684210527,
          "support": 21
        },
        "passive_with_agent": {
          "precision": 0.6666666666666666,
          "recall": 0.3333333333333333,
          "f1": 0.4444444444444444,
          "support": 6
        }
      }
    },
    "density_band": {
      "accuracy": 0.9795918367346939,
      "macro_f1": 0.9662383778299724,
      "per_label": {
        "high_density": {
          "precision": 1.0,
          "recall": 0.9744525547445255,
          "f1": 0.9870609981515711,
          "support": 274
        },
        "low_density": {
          "precision": 1.0,
          "recall": 0.9,
          "f1": 0.9473684210526316,
          "support": 10
        },
        "medium_density": {
          "precision": 0.9310344827586207,
          "recall": 1.0,
          "f1": 0.9642857142857143,
          "support": 108
        }
      }
    },
    "rhetorical_mode": {
      "accuracy": 0.9030612244897959,
      "macro_f1": 0.7766894117881957,
      "per_label": {
        "analysis_explainer": {
          "precision": 0.7857142857142857,
          "recall": 0.2682926829268293,
          "f1": 0.39999999999999997,
          "support": 41
        },
        "live_or_alert": {
          "precision": 0.7647058823529411,
          "recall": 0.8666666666666667,
          "f1": 0.8125,
          "support": 15
        },
        "question_hook": {
          "precision": 0.9,
          "recall": 1.0,
          "f1": 0.9473684210526316,
          "support": 18
        },
        "straight_report": {
          "precision": 0.9149560117302052,
          "recall": 0.9811320754716981,
          "f1": 0.9468892261001518,
          "support": 318
        }
      }
    }
  },
  "dev": {
    "n": 75,
    "lead_frame": {
      "accuracy": 0.88,
      "macro_f1": 0.7737126509853782,
      "per_label": {
        "action_first": {
          "precision": 0.7142857142857143,
          "recall": 0.8333333333333334,
          "f1": 0.7692307692307692,
          "support": 6
        },
        "actor_entity_first": {
          "precision": 0.9333333333333333,
          "recall": 0.9180327868852459,
          "f1": 0.9256198347107439,
          "support": 61
        },
        "context_first": {
          "precision": 0.4,
          "recall": 0.4,
          "f1": 0.4000000000000001,
          "support": 5
        },
        "other_lead": {
          "precision": 1.0,
          "recall": 1.0,
          "f1": 1.0,
          "support": 3
        }
      }
    },
    "agency_style": {
      "accuracy": 0.9466666666666667,
      "macro_f1": 0.7359154929577465,
      "per_label": {
        "active_or_nonpassive": {
          "precision": 0.971830985915493,
          "recall": 0.971830985915493,
          "f1": 0.971830985915493,
          "support": 71
        },
        "passive_agent_omitted": {
          "precision": 0.5,
          "recall": 0.5,
          "f1": 0.5,
          "support": 4
        }
      }
    },
    "density_band": {
      "accuracy": 0.9866666666666667,
      "macro_f1": 0.9892922625595894,
      "per_label": {
        "high_density": {
          "precision": 1.0,
          "recall": 0.9803921568627451,
          "f1": 0.99009900990099,
          "support": 51
        },
        "low_density": {
          "precision": 1.0,
          "recall": 1.0,
          "f1": 1.0,
          "support": 2
        },
        "medium_density": {
          "precision": 0.9565217391304348,
          "recall": 1.0,
          "f1": 0.9777777777777777,
          "support": 22
        }
      }
    },
    "rhetorical_mode": {
      "accuracy": 0.88,
      "macro_f1": 0.8058287795992713,
      "per_label": {
        "analysis_explainer": {
          "precision": 0.75,
          "recall": 0.2727272727272727,
          "f1": 0.39999999999999997,
          "support": 11
        },
        "live_or_alert": {
          "precision": 1.0,
          "recall": 1.0,
          "f1": 1.0,
          "support": 2
        },
        "question_hook": {
          "precision": 0.8,
          "recall": 1.0,
          "f1": 0.888888888888889,
          "support": 4
        },
        "straight_report": {
          "precision": 0.890625,
          "recall": 0.9827586206896551,
          "f1": 0.9344262295081966,
          "support": 58
        }
      }
    }
  },
  "test": {
    "n": 83,
    "lead_frame": {
      "accuracy": 0.9518072289156626,
      "macro_f1": 0.9212184873949579,
      "per_label": {
        "action_first": {
          "precision": 0.75,
          "recall": 1.0,
          "f1": 0.8571428571428571,
          "support": 3
        },
        "actor_entity_first": {
          "precision": 1.0,
          "recall": 0.9428571428571428,
          "f1": 0.9705882352941176,
          "support": 70
        },
        "context_first": {
          "precision": 0.75,
          "recall": 1.0,
          "f1": 0.8571428571428571,
          "support": 9
        },
        "other_lead": {
          "precision": 1.0,
          "recall": 1.0,
          "f1": 1.0,
          "support": 1
        }
      }
    },
    "agency_style": {
      "accuracy": 0.9518072289156626,
      "macro_f1": 0.5809716599190283,
      "per_label": {
        "active_or_nonpassive": {
          "precision": 0.9736842105263158,
          "recall": 0.9736842105263158,
          "f1": 0.9736842105263158,
          "support": 76
        },
        "passive_agent_omitted": {
          "precision": 0.7142857142857143,
          "recall": 0.8333333333333334,
          "f1": 0.7692307692307692,
          "support": 6
        },
        "passive_with_agent": {
          "precision": 0.0,
          "recall": 0.0,
          "f1": 0.0,
          "support": 1
        }
      }
    },
    "density_band": {
      "accuracy": 0.9759036144578314,
      "macro_f1": 0.9829166666666667,
      "per_label": {
        "high_density": {
          "precision": 1.0,
          "recall": 0.9607843137254902,
          "f1": 0.98,
          "support": 51
        },
        "low_density": {
          "precision": 1.0,
          "recall": 1.0,
          "f1": 1.0,
          "support": 1
        },
        "medium_density": {
          "precision": 0.9393939393939394,
          "recall": 1.0,
          "f1": 0.96875,
          "support": 31
        }
      }
    },
    "rhetorical_mode": {
      "accuracy": 0.8674698795180723,
      "macro_f1": 0.7161977834612105,
      "per_label": {
        "analysis_explainer": {
          "precision": 0.8,
          "recall": 0.3333333333333333,
          "f1": 0.47058823529411764,