{
  "train_distribution": {
    "passive_clause": 14,
    "simple_clause": 158,
    "noun_phrase_fragment": 32,
    "other": 4,
    "question_form": 12,
    "coordination": 14
  },
  "dev": {
    "n": 75,
    "rule_based": {
      "accuracy": 0.8133333333333334,
      "macro_precision": 0.5121212121212121,
      "macro_recall": 0.5205128205128206,
      "macro_f1": 0.5161993769470404,
      "micro_precision": 0.8133333333333334,
      "micro_recall": 0.8133333333333334,
      "micro_f1": 0.8133333333333334,
      "per_label": {
        "question_form": {
          "precision": 1.0,
          "recall": 1.0,
          "f1": 1.0,
          "support": 4
        },
        "passive_clause": {
          "precision": 0.5,
          "recall": 0.5,
          "f1": 0.5,
          "support": 4
        },
        "coordination": {
          "precision": 0.0,
          "recall": 0.0,
          "f1": 0.0,
          "support": 4
        },
        "noun_phrase_fragment": {
          "precision": 0.7,
          "recall": 0.7,
          "f1": 0.7,
          "support": 10
        },
        "simple_clause": {
          "precision": 0.8727272727272727,
          "recall": 0.9230769230769231,
          "f1": 0.897196261682243,
          "support": 52
        },
        "other": {
          "precision": 0.0,
          "recall": 0.0,
          "f1": 0.0,
          "support": 1
        }
      }
    },
    "majority_baseline": {
      "accuracy": 0.6933333333333334,
      "macro_precision": 0.11555555555555556,
      "macro_recall": 0.16666666666666666,
      "macro_f1": 0.13648293963254593,
      "micro_precision": 0.6933333333333334,
      "micro_recall": 0.6933333333333334,
      "micro_f1": 0.6933333333333334,
      "per_label": {
        "question_form": {
          "precision": 0.0,
          "recall": 0.0,
          "f1": 0.0,
          "support": 4
        },
        "passive_clause": {
          "precision": 0.0,
          "recall": 0.0,
          "f1": 0.0,
          "support": 4
        },
        "coordination": {
          "precision": 0.0,
          "recall": 0.0,
          "f1": 0.0,
          "support": 4
        },
        "noun_phrase_fragment": {
          "precision": 0.0,
          "recall": 0.0,
          "f1": 0.0,
          "support": 10
        },
        "simple_clause": {
          "precision": 0.6933333333333334,
          "recall": 1.0,
          "f1": 0.8188976377952756,
          "support": 52
        },
        "other": {
          "precision": 0.0,
          "recall": 0.0,
          "f1": 0.0,
          "support": 1
        }
      }
    },
    "random_baseline": {
      "accuracy": 0.5066666666666667,
      "macro_precision": 0.2041404612159329,
      "macro_recall": 0.20064102564102562,
      "macro_f1": 0.20223475355054302,
      "micro_precision": 0.5066666666666667,
      "micro_recall": 0.5066666666666667,
      "micro_f1": 0.5066666666666667,
      "per_label": {
        "question_form": {
          "precision": 0.0,
          "recall": 0.0,
          "f1": 0.0,
          "support": 4
        },
        "passive_clause": {
          "precision": 0.0,
          "recall": 0.0,
          "f1": 0.0,
          "support": 4
        },
        "coordination": {
          "precision": 0.25,
          "recall": 0.25,
          "f1": 0.25,
          "support": 4
        },
        "noun_phrase_fragment": {
          "precision": 0.3333333333333333,
          "recall": 0.3,
          "f1": 0.3157894736842105,
          "support": 10
        },
        "simple_clause": {
          "precision": 0.6415094339622641,
          "recall": 0.6538461538461539,
          "f1": 0.6476190476190475,
          "support": 52
        },
        "other": {
          "precision": 0.0,
          "recall": 0.0,
          "f1": 0.0,
          "support": 1
        }
      }
    }
  },
  "test": {
    "n": 83,
    "rule_based": {
      "accuracy": 0.7590361445783133,
      "macro_precision": 0.599047619047619,
      "macro_recall": 0.5966981132075472,
      "macro_f1": 0.5936768732885237,
      "micro_precision": 0.7590361445783133,
      "micro_recall": 0.7590361445783133,
      "micro_f1": 0.7590361445783133,
      "per_label": {
        "question_form": {
          "precision": 1.0,
          "recall": 1.0,
          "f1": 1.0,
          "support": 4
        },
        "passive_clause": {
          "precision": 0.5714285714285714,
          "recall": 0.6666666666666666,
          "f1": 0.6153846153846153,
          "support": 6
        },
        "coordination": {
          "precision": 0.5,
          "recall": 0.3333333333333333,
          "f1": 0.4,
          "support": 6
        },
        "noun_phrase_fragment": {
          "precision": 0.6428571428571429,
          "recall": 0.75,
          "f1": 0.6923076923076924,
          "support": 12
        },
        "simple_clause": {
          "precision": 0.88,
          "recall": 0.8301886792452831,
          "f1": 0.8543689320388349,
          "support": 53
        },
        "other": {
          "precision": 0.0,
          "recall": 0.0,
          "f1": 0.0,
          "support": 2
        }
      }
    },
    "majority_baseline": {
      "accuracy": 0.6385542168674698,
      "macro_precision": 0.10642570281124497,
      "macro_recall": 0.16666666666666666,
      "macro_f1": 0.12990196078431374,
      "micro_precision": 0.6385542168674698,
      "micro_recall": 0.6385542168674698,
      "micro_f1": 0.6385542168674698,
      "per_label": {
        "question_form": {
          "precision": 0.0,
          "recall": 0.0,
          "f1": 0.0,
          "support": 4
        },
        "passive_clause": {
          "precision": 0.0,
          "recall": 0.0,
          "f1": 0.0,
          "support": 6
        },
        "coordination": {
          "precision": 0.0,
          "recall": 0.0,
          "f1": 0.0,
          "support": 6
        },
        "noun_phrase_fragment": {
          "precision": 0.0,
          "recall": 0.0,
          "f1": 0.0,
          "support": 12
        },
        "simple_clause": {
          "precision": 0.6385542168674698,
          "recall": 1.0,
          "f1": 0.7794117647058824,
          "support": 53
        },
        "other": {
          "precision": 0.0,
          "recall": 0.0,
          "f1": 0.0,
          "support": 2
        }
      }
    },
    "random_baseline": {
      "accuracy": 0.4457831325301205,
      "macro_precision": 0.1879713423831071,
      "macro_recall": 0.18710691823899372,
      "macro_f1": 0.18743589743589742,
      "micro_precision": 0.4457831325301205,
      "micro_recall": 0.4457831325301205,
      "micro_f1": 0.4457831325301205,
      "per_label": {
        "question_form": {
          "precision": 0.25,
          "recall": 0.25,
          "f1": 0.25,
          "support": 4
        },
        "passive_clause": {
          "precision": 0.0,
          "recall": 0.0,
          "f1": 0.0,
          "support": 6
        },
        "coordination": {
          "precision": 0.0,
          "recall": 0.0,
          "f1": 0.0,
          "support": 6
        },
        "noun_phrase_fragment": {
          "precision": 0.23076923076923078,
          "recall": 0.25,
          "f1": 0.24000000000000002,
          "support": 12
        },
        "simple_clause": {
          "precision": 0.6470588235294118,
          "recall": 0.6226415094339622,
          "f1": 0.6346153846153846,
          "support": 53
        },
        "other": {
          "precision": 0.0,
          "recall": 0.0,
          "f1": 0.0,
          "support": 2
        }
      }
    }
  }
}