label,domestic_pct,world_pct,abs_diff_pct_points
question_form,2.955665024630542,7.407407407407407,4.451742382776866
passive_clause,6.896551724137931,3.1746031746031744,3.721948549534756
simple_clause,66.99507389162562,69.84126984126983,2.846195949644212
noun_phrase_fragment,13.793103448275861,12.16931216931217,1.623791278963692
coordination,3.9408866995073892,2.6455026455026456,1.2953840540047437
other,5.41871921182266,4.761904761904762,0.6568144499178983
