{
  "train_distribution": {
    "noun_phrase_fragment": 32,
    "simple_clause": 158,
    "passive_clause": 14,
    "other": 4,
    "coordination": 14,
    "question_form": 12
  },
  "dev": {
    "n": 75,
    "rule_based": {
      "accuracy": 0.8,
      "macro_precision": 0.6882716049382717,
      "macro_recall": 0.5557692307692307,
      "macro_f1": 0.6007944389275074,
      "micro_precision": 0.8,
      "micro_recall": 0.8,
      "micro_f1": 0.8000000000000002,
      "per_label": {
        "question_form": {
          "precision": 1.0,
          "recall": 1.0,
          "f1": 1.0,
          "support": 4
        },
        "passive_clause": {
          "precision": 0.5,
          "recall": 0.25,
          "f1": 0.3333333333333333,
          "support": 4
        },
        "coordination": {
          "precision": 1.0,
          "recall": 0.5,
          "f1": 0.6666666666666666,
          "support": 4
        },
        "noun_phrase_fragment": {
          "precision": 0.7777777777777778,
          "recall": 0.7,
          "f1": 0.7368421052631577,
          "support": 10
        },
        "simple_clause": {
          "precision": 0.8518518518518519,
          "recall": 0.8846153846153846,
          "f1": 0.8679245283018868,
          "support": 52
        },
        "other": {
          "precision": 0.0,
          "recall": 0.0,
          "f1": 0.0,
          "support": 1
        }
      }
    },
    "majority_baseline": {
      "accuracy": 0.6933333333333334,
      "macro_precision": 0.11555555555555556,
      "macro_recall": 0.16666666666666666,
      "macro_f1": 0.13648293963254593,
      "micro_precision": 0.6933333333333334,
      "micro_recall": 0.6933333333333334,
      "micro_f1": 0.6933333333333334,
      "per_label": {
        "question_form": {
          "precision": 0.0,
          "recall": 0.0,
          "f1": 0.0,
          "support": 4
        },
        "passive_clause": {
          "precision": 0.0,
          "recall": 0.0,
          "f1": 0.0,
          "support": 4
        },
        "coordination": {
          "precision": 0.0,
          "recall": 0.0,
          "f1": 0.0,
          "support": 4
        },
        "noun_phrase_fragment": {
          "precision": 0.0,
          "recall": 0.0,
          "f1": 0.0,
          "support": 10
        },
        "simple_clause": {
          "precision": 0.6933333333333334,
          "recall": 1.0,
          "f1": 0.8188976377952756,
          "support": 52
        },
        "other": {
          "precision": 0.0,
          "recall": 0.0,
          "f1": 0.0,
          "support": 1
        }
      }
    },
    "random_baseline": {
      "accuracy": 0.5066666666666667,
      "macro_precision": 0.20895445134575572,
      "macro_recall": 0.2121794871794872,
      "macro_f1": 0.2076839826839827,
      "micro_precision": 0.5066666666666667,
      "micro_recall": 0.5066666666666667,
      "micro_f1": 0.5066666666666667,
      "per_label": {
        "question_form": {
          "precision": 0.0,
          "recall": 0.0,
          "f1": 0.0,
          "support": 4
        },
        "passive_clause": {
          "precision": 0.14285714285714285,
          "recall": 0.25,
          "f1": 0.18181818181818182,
          "support": 4
        },
        "coordination": {
          "precision": 0.25,
          "recall": 0.25,
          "f1": 0.25,
          "support": 4
        },
        "noun_phrase_fragment": {
          "precision": 0.1,
          "recall": 0.1,
          "f1": 0.10000000000000002,
          "support": 10
        },
        "simple_clause": {
          "precision": 0.7608695652173914,
          "recall": 0.6730769230769231,
          "f1": 0.7142857142857143,
          "support": 52
        },
        "other": {
          "precision": 0.0,
          "recall": 0.0,
          "f1": 0.0,
          "support": 1
        }
      }
    }
  },
  "test": {
    "n": 83,
    "rule_based": {
      "accuracy": 0.7710843373493976,
      "macro_precision": 0.5968652037617556,
      "macro_recall": 0.5151991614255765,
      "macro_f1": 0.5490293229423664,
      "micro_precision": 0.7710843373493976,
      "micro_recall": 0.7710843373493976,
      "micro_f1": 0.7710843373493976,
      "per_label": {
        "question_form": {
          "precision": 1.0,
          "recall": 0.75,
          "f1": 0.8571428571428571,
          "support": 4
        },
        "passive_clause": {
          "precision": 0.6,
          "recall": 0.5,
          "f1": 0.5454545454545454,
          "support": 6
        },
        "coordination": {
          "precision": 0.5,
          "recall": 0.3333333333333333,
          "f1": 0.4,
          "support": 6
        },
        "noun_phrase_fragment": {
          "precision": 0.6363636363636364,
          "recall": 0.5833333333333334,
          "f1": 0.6086956521739131,
          "support": 12
        },
        "simple_clause": {
          "precision": 0.8448275862068966,
          "recall": 0.9245283018867925,
          "f1": 0.8828828828828829,
          "support": 53
        },
        "other": {
          "precision": 0.0,
          "recall": 0.0,
          "f1": 0.0,
          "support": 2
        }
      }
    },
    "majority_baseline": {
      "accuracy": 0.6385542168674698,
      "macro_precision": 0.10642570281124497,
      "macro_recall": 0.16666666666666666,
      "macro_f1": 0.12990196078431374,
      "micro_precision": 0.6385542168674698,
      "micro_recall": 0.6385542168674698,
      "micro_f1": 0.6385542168674698,
      "per_label": {
        "question_form": {
          "precision": 0.0,
          "recall": 0.0,
          "f1": 0.0,
          "support": 4
        },
        "passive_clause": {
          "precision": 0.0,
          "recall": 0.0,
          "f1": 0.0,
          "support": 6
        },
        "coordination": {
          "precision": 0.0,
          "recall": 0.0,
          "f1": 0.0,
          "support": 6
        },
        "noun_phrase_fragment": {
          "precision": 0.0,
          "recall": 0.0,
          "f1": 0.0,
          "support": 12
        },
        "simple_clause": {
          "precision": 0.6385542168674698,
          "recall": 1.0,
          "f1": 0.7794117647058824,
          "support": 53
        },
        "other": {
          "precision": 0.0,
          "recall": 0.0,
          "f1": 0.0,
          "support": 2
        }
      }
    },
    "random_baseline": {
      "accuracy": 0.5301204819277109,
      "macro_precision": 0.2007861635220126,
      "macro_recall": 0.19523060796645705,
      "macro_f1": 0.19775586049170954,
      "micro_precision": 0.5301204819277109,
      "micro_recall": 0.5301204819277109,
      "micro_f1": 0.5301204819277109,
      "per_label": {
        "question_form": {
          "precision": 0.0,
          "recall": 0.0,
          "f1": 0.0,
          "support": 4
        },
        "passive_clause": {
          "precision": 0.0,
          "recall": 0.0,
          "f1": 0.0,
          "support": 6
        },
        "coordination": {
          "precision": 0.2,
          "recall": 0.16666666666666666,
          "f1": 0.1818181818181818,
          "support": 6
        },
        "noun_phrase_fragment": {
          "precision": 0.25,
          "recall": 0.25,
          "f1": 0.25,
          "support": 12
        },
        "simple_clause": {
          "precision": 0.7547169811320755,
          "recall": 0.7547169811320755,
          "f1": 0.7547169811320754,
          "support": 53
        },
        "other": {
          "precision": 0.0,
          "recall": 0.0,
          "f1": 0.0,
          "support": 2
        }
      }
    }
  }
}