{
  "train_distribution": {
    "simple_clause": 187,
    "noun_phrase_fragment": 35,
    "passive_clause": 19,
    "other": 4,
    "coordination": 17,
    "question_form": 15
  },
  "dev": {
    "n": 90,
    "rule_based": {
      "accuracy": 0.7888888888888889,
      "macro_precision": 0.6656420765027322,
      "macro_recall": 0.7682306940371456,
      "macro_f1": 0.670239623448866,
      "micro_precision": 0.7888888888888889,
      "micro_recall": 0.7888888888888889,
      "micro_f1": 0.7888888888888889,
      "per_label": {
        "question_form": {
          "precision": 1.0,
          "recall": 1.0,
          "f1": 1.0,
          "support": 5
        },
        "passive_clause": {
          "precision": 0.5,
          "recall": 0.5,
          "f1": 0.5,
          "support": 6
        },
        "coordination": {
          "precision": 0.8,
          "recall": 0.8,
          "f1": 0.8000000000000002,
          "support": 5
        },
        "noun_phrase_fragment": {
          "precision": 0.625,
          "recall": 0.45454545454545453,
          "f1": 0.5263157894736842,
          "support": 11
        },
        "simple_clause": {
          "precision": 0.8688524590163934,
          "recall": 0.8548387096774194,
          "f1": 0.8617886178861789,
          "support": 62
        },
        "other": {
          "precision": 0.2,
          "recall": 1.0,
          "f1": 0.33333333333333337,
          "support": 1
        }
      }
    },
    "majority_baseline": {
      "accuracy": 0.6888888888888889,
      "macro_precision": 0.11481481481481481,
      "macro_recall": 0.16666666666666666,
      "macro_f1": 0.13596491228070176,
      "micro_precision": 0.6888888888888889,
      "micro_recall": 0.6888888888888889,
      "micro_f1": 0.6888888888888889,
      "per_label": {
        "question_form": {
          "precision": 0.0,
          "recall": 0.0,
          "f1": 0.0,
          "support": 5
        },
        "passive_clause": {
          "precision": 0.0,
          "recall": 0.0,
          "f1": 0.0,
          "support": 6
        },
        "coordination": {
          "precision": 0.0,
          "recall": 0.0,
          "f1": 0.0,
          "support": 5
        },
        "noun_phrase_fragment": {
          "precision": 0.0,
          "recall": 0.0,
          "f1": 0.0,
          "support": 11
        },
        "simple_clause": {
          "precision": 0.6888888888888889,
          "recall": 1.0,
          "f1": 0.8157894736842105,
          "support": 62
        },
        "other": {
          "precision": 0.0,
          "recall": 0.0,
          "f1": 0.0,
          "support": 1
        }
      }
    },
    "random_baseline": {
      "accuracy": 0.5,
      "macro_precision": 0.15959821428571427,
      "macro_recall": 0.1585206907787553,
      "macro_f1": 0.1579161579161579,
      "micro_precision": 0.5,
      "micro_recall": 0.5,
      "micro_f1": 0.5,
      "per_label": {
        "question_form": {
          "precision": 0.0,
          "recall": 0.0,
          "f1": 0.0,
          "support": 5
        },
        "passive_clause": {
          "precision": 0.14285714285714285,
          "recall": 0.16666666666666666,
          "f1": 0.15384615384615383,
          "support": 6
        },
        "coordination": {
          "precision": 0.0,
          "recall": 0.0,
          "f1": 0.0,
          "support": 5
        },
        "noun_phrase_fragment": {
          "precision": 0.14285714285714285,
          "recall": 0.09090909090909091,
          "f1": 0.1111111111111111,
          "support": 11
        },
        "simple_clause": {
          "precision": 0.671875,
          "recall": 0.6935483870967742,
          "f1": 0.6825396825396826,
          "support": 62
        },
        "other": {
          "precision": 0.0,
          "recall": 0.0,
          "f1": 0.0,
          "support": 1
        }
      }
    }
  },
  "test": {
    "n": 98,
    "rule_based": {
      "accuracy": 0.7346938775510204,
      "macro_precision": 0.6238873327108622,
      "macro_recall": 0.5326007326007326,
      "macro_f1": 0.5701847629328546,
      "micro_precision": 0.7346938775510204,
      "micro_recall": 0.7346938775510204,
      "micro_f1": 0.7346938775510203,
      "per_label": {
        "question_form": {
          "precision": 1.0,
          "recall": 0.8,
          "f1": 0.888888888888889,
          "support": 5
        },
        "passive_clause": {
          "precision": 0.5714285714285714,
          "recall": 0.5714285714285714,
          "f1": 0.5714285714285714,
          "support": 7
        },
        "coordination": {
          "precision": 0.6,
          "recall": 0.42857142857142855,
          "f1": 0.5,
          "support": 7
        },
        "noun_phrase_fragment": {
          "precision": 0.7777777777777778,
          "recall": 0.5384615384615384,
          "f1": 0.6363636363636364,
          "support": 13
        },
        "simple_clause": {
          "precision": 0.7941176470588235,
          "recall": 0.8571428571428571,
          "f1": 0.8244274809160305,
          "support": 63
        },
        "other": {
          "precision": 0.0,
          "recall": 0.0,
          "f1": 0.0,
          "support": 3
        }
      }
    },
    "majority_baseline": {
      "accuracy": 0.6428571428571429,
      "macro_precision": 0.10714285714285715,
      "macro_recall": 0.16666666666666666,
      "macro_f1": 0.13043478260869565,
      "micro_precision": 0.6428571428571429,
      "micro_recall": 0.6428571428571429,
      "micro_f1": 0.6428571428571429,
      "per_label": {
        "question_form": {
          "precision": 0.0,
          "recall": 0.0,
          "f1": 0.0,
          "support": 5
        },
        "passive_clause": {
          "precision": 0.0,
          "recall": 0.0,
          "f1": 0.0,
          "support": 7
        },
        "coordination": {
          "precision": 0.0,
          "recall": 0.0,
          "f1": 0.0,
          "support": 7
        },
        "noun_phrase_fragment": {
          "precision": 0.0,
          "recall": 0.0,
          "f1": 0.0,
          "support": 13
        },
        "simple_clause": {
          "precision": 0.6428571428571429,
          "recall": 1.0,
          "f1": 0.782608695652174,
          "support": 63
        },
        "other": {
          "precision": 0.0,
          "recall": 0.0,
          "f1": 0.0,
          "support": 3
        }
      }
    },
    "random_baseline": {
      "accuracy": 0.4387755102040816,
      "macro_precision": 0.14775115594787724,
      "macro_recall": 0.14428164428164428,
      "macro_f1": 0.14598842018196856,
      "micro_precision": 0.4387755102040816,
      "micro_recall": 0.4387755102040816,
      "micro_f1": 0.43877551020408156,
      "per_label": {
        "question_form": {
          "precision": 0.0,
          "recall": 0.0,
          "f1": 0.0,
          "support": 5
        },
        "passive_clause": {
          "precision": 0.0,
          "recall": 0.0,
          "f1": 0.0,
          "support": 7
        },
        "coordination": {
          "precision": 0.0,
          "recall": 0.0,
          "f1": 0.0,
          "support": 7
        },
        "noun_phrase_fragment": {
          "precision": 0.23076923076923078,
          "recall": 0.23076923076923078,
          "f1": 0.23076923076923078,
          "support": 13
        },
        "simple_clause": {
          "precision": 0.6557377049180327,
          "recall": 0.6349206349206349,
          "f1": 0.6451612903225806,
          "support": 63
        },
        "other": {
          "precision": 0.0,
          "recall": 0.0,
          "f1": 0.0,
          "support": 3
        }
      }
    }
  }
}