label,domestic_pct,world_pct,abs_diff_pct_points
passive_clause,6.8807339449541285,2.42914979757085,4.4515841473832785
question_form,3.669724770642202,6.882591093117409,3.2128663224752065
simple_clause,67.88990825688073,69.63562753036437,1.745719273483644
noun_phrase_fragment,12.844036697247706,11.336032388663968,1.5080043085837378
other,5.045871559633028,6.0728744939271255,1.0270029342940976
coordination,3.669724770642202,3.6437246963562755,0.026000074285926544
