{
  "train_distribution": {
    "passive_clause": 19,
    "simple_clause": 186,
    "noun_phrase_fragment": 35,
    "other": 4,
    "question_form": 15,
    "coordination": 17
  },
  "dev": {
    "n": 91,
    "rule_based": {
      "accuracy": 0.7472527472527473,
      "macro_precision": 0.5913308913308913,
      "macro_recall": 0.6658489658489658,
      "macro_f1": 0.560762679055362,
      "micro_precision": 0.7472527472527473,
      "micro_recall": 0.7472527472527473,
      "micro_f1": 0.7472527472527473,
      "per_label": {
        "question_form": {
          "precision": 1.0,
          "recall": 1.0,
          "f1": 1.0,
          "support": 5
        },
        "passive_clause": {
          "precision": 0.5,
          "recall": 0.3333333333333333,
          "f1": 0.4,
          "support": 6
        },
        "coordination": {
          "precision": 0.5,
          "recall": 0.2,
          "f1": 0.28571428571428575,
          "support": 5
        },
        "noun_phrase_fragment": {
          "precision": 0.5384615384615384,
          "recall": 0.6363636363636364,
          "f1": 0.5833333333333334,
          "support": 11
        },
        "simple_clause": {
          "precision": 0.8666666666666667,
          "recall": 0.8253968253968254,
          "f1": 0.8455284552845528,
          "support": 63
        },
        "other": {
          "precision": 0.14285714285714285,
          "recall": 1.0,
          "f1": 0.25,
          "support": 1
        }
      }
    },
    "majority_baseline": {
      "accuracy": 0.6923076923076923,
      "macro_precision": 0.11538461538461538,
      "macro_recall": 0.16666666666666666,
      "macro_f1": 0.13636363636363635,
      "micro_precision": 0.6923076923076923,
      "micro_recall": 0.6923076923076923,
      "micro_f1": 0.6923076923076923,
      "per_label": {
        "question_form": {
          "precision": 0.0,
          "recall": 0.0,
          "f1": 0.0,
          "support": 5
        },
        "passive_clause": {
          "precision": 0.0,
          "recall": 0.0,
          "f1": 0.0,
          "support": 6
        },
        "coordination": {
          "precision": 0.0,
          "recall": 0.0,
          "f1": 0.0,
          "support": 5
        },
        "noun_phrase_fragment": {
          "precision": 0.0,
          "recall": 0.0,
          "f1": 0.0,
          "support": 11
        },
        "simple_clause": {
          "precision": 0.6923076923076923,
          "recall": 1.0,
          "f1": 0.8181818181818181,
          "support": 63
        },
        "other": {
          "precision": 0.0,
          "recall": 0.0,
          "f1": 0.0,
          "support": 1
        }
      }
    },
    "random_baseline": {
      "accuracy": 0.4725274725274725,
      "macro_precision": 0.10858585858585858,
      "macro_recall": 0.11375661375661376,
      "macro_f1": 0.1111111111111111,
      "micro_precision": 0.4725274725274725,
      "micro_recall": 0.4725274725274725,
      "micro_f1": 0.4725274725274725,
      "per_label": {
        "question_form": {
          "precision": 0.0,
          "recall": 0.0,
          "f1": 0.0,
          "support": 5
        },
        "passive_clause": {
          "precision": 0.0,
          "recall": 0.0,
          "f1": 0.0,
          "support": 6
        },
        "coordination": {
          "precision": 0.0,
          "recall": 0.0,
          "f1": 0.0,
          "support": 5
        },
        "noun_phrase_fragment": {
          "precision": 0.0,
          "recall": 0.0,
          "f1": 0.0,
          "support": 11
        },
        "simple_clause": {
          "precision": 0.6515151515151515,
          "recall": 0.6825396825396826,
          "f1": 0.6666666666666666,
          "support": 63
        },
        "other": {
          "precision": 0.0,
          "recall": 0.0,
          "f1": 0.0,
          "support": 1
        }
      }
    }
  },
  "test": {
    "n": 98,
    "rule_based": {
      "accuracy": 0.8061224489795918,
      "macro_precision": 0.6698924731182796,
      "macro_recall": 0.6868131868131867,
      "macro_f1": 0.674893772893773,
      "micro_precision": 0.8061224489795918,
      "micro_recall": 0.8061224489795918,
      "micro_f1": 0.806122448979592,
      "per_label": {
        "question_form": {
          "precision": 1.0,
          "recall": 1.0,
          "f1": 1.0,
          "support": 5
        },
        "passive_clause": {
          "precision": 0.3333333333333333,
          "recall": 0.2857142857142857,
          "f1": 0.30769230769230765,
          "support": 7
        },
        "coordination": {
          "precision": 0.6666666666666666,
          "recall": 0.5714285714285714,
          "f1": 0.6153846153846153,
          "support": 7
        },
        "noun_phrase_fragment": {
          "precision": 0.6,
          "recall": 0.6923076923076923,
          "f1": 0.6428571428571429,
          "support": 13
        },
        "simple_clause": {
          "precision": 0.9193548387096774,
          "recall": 0.9047619047619048,
          "f1": 0.912,
          "support": 63
        },
        "other": {
          "precision": 0.5,
          "recall": 0.6666666666666666,
          "f1": 0.5714285714285715,
          "support": 3
        }
      }
    },
    "majority_baseline": {
      "accuracy": 0.6428571428571429,
      "macro_precision": 0.10714285714285715,
      "macro_recall": 0.16666666666666666,
      "macro_f1": 0.13043478260869565,
      "micro_precision": 0.6428571428571429,
      "micro_recall": 0.6428571428571429,
      "micro_f1": 0.6428571428571429,
      "per_label": {
        "question_form": {
          "precision": 0.0,
          "recall": 0.0,
          "f1": 0.0,
          "support": 5
        },
        "passive_clause": {
          "precision": 0.0,
          "recall": 0.0,
          "f1": 0.0,
          "support": 7
        },
        "coordination": {
          "precision": 0.0,
          "recall": 0.0,
          "f1": 0.0,
          "support": 7
        },
        "noun_phrase_fragment": {
          "precision": 0.0,
          "recall": 0.0,
          "f1": 0.0,
          "support": 13
        },
        "simple_clause": {
          "precision": 0.6428571428571429,
          "recall": 1.0,
          "f1": 0.782608695652174,
          "support": 63
        },
        "other": {
          "precision": 0.0,
          "recall": 0.0,
          "f1": 0.0,
          "support": 3
        }
      }
    },
    "random_baseline": {
      "accuracy": 0.45918367346938777,
      "macro_precision": 0.1578096539162113,
      "macro_recall": 0.16056166056166055,
      "macro_f1": 0.15893497183819763,
      "micro_precision": 0.45918367346938777,
      "micro_recall": 0.45918367346938777,
      "micro_f1": 0.45918367346938777,
      "per_label": {
        "question_form": {
          "precision": 0.0,
          "recall": 0.0,
          "f1": 0.0,
          "support": 5
        },
        "passive_clause": {
          "precision": 0.125,
          "recall": 0.14285714285714285,
          "f1": 0.13333333333333333,
          "support": 7
        },
        "coordination": {
          "precision": 0.0,
          "recall": 0.0,
          "f1": 0.0,
          "support": 7
        },
        "noun_phrase_fragment": {
          "precision": 0.13333333333333333,
          "recall": 0.15384615384615385,
          "f1": 0.14285714285714288,
          "support": 13
        },
        "simple_clause": {
          "precision": 0.6885245901639344,
          "recall": 0.6666666666666666,
          "f1": 0.6774193548387096,
          "support": 63
        },
        "other": {
          "precision": 0.0,
          "recall": 0.0,
          "f1": 0.0,
          "support": 3
        }
      }
    }
  }
}