{
  "train_distribution": {
    "passive_clause": 14,
    "simple_clause": 157,
    "noun_phrase_fragment": 32,
    "other": 4,
    "question_form": 12,
    "coordination": 14
  },
  "dev": {
    "n": 75,
    "rule_based": {
      "accuracy": 0.8,
      "macro_precision": 0.5558390022675738,
      "macro_recall": 0.5692307692307693,
      "macro_f1": 0.5613936393639364,
      "micro_precision": 0.8,
      "micro_recall": 0.8,
      "micro_f1": 0.8000000000000002,
      "per_label": {
        "question_form": {
          "precision": 1.0,
          "recall": 1.0,
          "f1": 1.0,
          "support": 4
        },
        "passive_clause": {
          "precision": 0.5,
          "recall": 0.5,
          "f1": 0.5,
          "support": 4
        },
        "coordination": {
          "precision": 0.25,
          "recall": 0.25,
          "f1": 0.25,
          "support": 4
        },
        "noun_phrase_fragment": {
          "precision": 0.6666666666666666,
          "recall": 0.8,
          "f1": 0.7272727272727272,
          "support": 10
        },
        "simple_clause": {
          "precision": 0.9183673469387755,
          "recall": 0.8653846153846154,
          "f1": 0.8910891089108911,
          "support": 52
        },
        "other": {
          "precision": 0.0,
          "recall": 0.0,
          "f1": 0.0,
          "support": 1
        }
      }
    },
    "majority_baseline": {
      "accuracy": 0.6933333333333334,
      "macro_precision": 0.11555555555555556,
      "macro_recall": 0.16666666666666666,
      "macro_f1": 0.13648293963254593,
      "micro_precision": 0.6933333333333334,
      "micro_recall": 0.6933333333333334,
      "micro_f1": 0.6933333333333334,
      "per_label": {
        "question_form": {
          "precision": 0.0,
          "recall": 0.0,
          "f1": 0.0,
          "support": 4
        },
        "passive_clause": {
          "precision": 0.0,
          "recall": 0.0,
          "f1": 0.0,
          "support": 4
        },
        "coordination": {
          "precision": 0.0,
          "recall": 0.0,
          "f1": 0.0,
          "support": 4
        },
        "noun_phrase_fragment": {
          "precision": 0.0,
          "recall": 0.0,
          "f1": 0.0,
          "support": 10
        },
        "simple_clause": {
          "precision": 0.6933333333333334,
          "recall": 1.0,
          "f1": 0.8188976377952756,
          "support": 52
        },
        "other": {
          "precision": 0.0,
          "recall": 0.0,
          "f1": 0.0,
          "support": 1
        }
      }
    },
    "random_baseline": {
      "accuracy": 0.5066666666666667,
      "macro_precision": 0.2041404612159329,
      "macro_recall": 0.20064102564102562,
      "macro_f1": 0.20223475355054302,
      "micro_precision": 0.5066666666666667,
      "micro_recall": 0.5066666666666667,
      "micro_f1": 0.5066666666666667,
      "per_label": {
        "question_form": {
          "precision": 0.0,
          "recall": 0.0,
          "f1": 0.0,
          "support": 4
        },
        "passive_clause": {
          "precision": 0.0,
          "recall": 0.0,
          "f1": 0.0,
          "support": 4
        },
        "coordination": {
          "precision": 0.25,
          "recall": 0.25,
          "f1": 0.25,
          "support": 4
        },
        "noun_phrase_fragment": {
          "precision": 0.3333333333333333,
          "recall": 0.3,
          "f1": 0.3157894736842105,
          "support": 10
        },
        "simple_clause": {
          "precision": 0.6415094339622641,
          "recall": 0.6538461538461539,
          "f1": 0.6476190476190475,
          "support": 52
        },
        "other": {
          "precision": 0.0,
          "recall": 0.0,
          "f1": 0.0,
          "support": 1
        }
      }
    }
  },
  "test": {
    "n": 83,
    "rule_based": {
      "accuracy": 0.7951807228915663,
      "macro_precision": 0.6768915041226254,
      "macro_recall": 0.7324423480083858,
      "macro_f1": 0.691265842878746,
      "micro_precision": 0.7951807228915663,
      "micro_recall": 0.7951807228915663,
      "micro_f1": 0.7951807228915663,
      "per_label": {
        "question_form": {
          "precision": 1.0,
          "recall": 1.0,
          "f1": 1.0,
          "support": 4
        },
        "passive_clause": {
          "precision": 0.7142857142857143,
          "recall": 0.8333333333333334,
          "f1": 0.7692307692307692,
          "support": 6
        },
        "coordination": {
          "precision": 0.5,
          "recall": 0.3333333333333333,
          "f1": 0.4,
          "support": 6
        },
        "noun_phrase_fragment": {
          "precision": 0.5789473684210527,
          "recall": 0.9166666666666666,
          "f1": 0.7096774193548387,
          "support": 12
        },
        "simple_clause": {
          "precision": 0.9347826086956522,
          "recall": 0.8113207547169812,
          "f1": 0.8686868686868686,
          "support": 53
        },
        "other": {
          "precision": 0.3333333333333333,
          "recall": 0.5,
          "f1": 0.4,
          "support": 2
        }
      }
    },
    "majority_baseline": {
      "accuracy": 0.6385542168674698,
      "macro_precision": 0.10642570281124497,
      "macro_recall": 0.16666666666666666,
      "macro_f1": 0.12990196078431374,
      "micro_precision": 0.6385542168674698,
      "micro_recall": 0.6385542168674698,
      "micro_f1": 0.6385542168674698,
      "per_label": {
        "question_form": {
          "precision": 0.0,
          "recall": 0.0,
          "f1": 0.0,
          "support": 4
        },
        "passive_clause": {
          "precision": 0.0,
          "recall": 0.0,
          "f1": 0.0,
          "support": 6
        },
        "coordination": {
          "precision": 0.0,
          "recall": 0.0,
          "f1": 0.0,
          "support": 6
        },
        "noun_phrase_fragment": {
          "precision": 0.0,
          "recall": 0.0,
          "f1": 0.0,
          "support": 12
        },
        "simple_clause": {
          "precision": 0.6385542168674698,
          "recall": 1.0,
          "f1": 0.7794117647058824,
          "support": 53
        },
        "other": {
          "precision": 0.0,
          "recall": 0.0,
          "f1": 0.0,
          "support": 2
        }
      }
    },
    "random_baseline": {
      "accuracy": 0.43373493975903615,
      "macro_precision": 0.1757142857142857,
      "macro_recall": 0.18396226415094338,
      "macro_f1": 0.1790584460487373,
      "micro_precision": 0.43373493975903615,
      "micro_recall": 0.43373493975903615,
      "micro_f1": 0.43373493975903615,
      "per_label": {
        "question_form": {
          "precision": 0.2,
          "recall": 0.25,
          "f1": 0.22222222222222224,
          "support": 4
        },
        "passive_clause": {
          "precision": 0.0,
          "recall": 0.0,
          "f1": 0.0,
          "support": 6
        },
        "coordination": {
          "precision": 0.0,
          "recall": 0.0,
          "f1": 0.0,
          "support": 6
        },
        "noun_phrase_fragment": {
          "precision": 0.21428571428571427,
          "recall": 0.25,
          "f1": 0.23076923076923075,
          "support": 12
        },
        "simple_clause": {
          "precision": 0.64,
          "recall": 0.6037735849056604,
          "f1": 0.6213592233009708,
          "support": 53
        },
        "other": {
          "precision": 0.0,
          "recall": 0.0,
          "f1": 0.0,
          "support": 2
        }
      }
    }
  }
}