label,domestic_pct,world_pct,abs_diff_pct_points
question_form,1.9607843137254901,6.578947368421052,4.618163054695562
passive_clause,6.5359477124183005,2.6315789473684212,3.9043687650498793
noun_phrase_fragment,18.954248366013072,17.763157894736842,1.1910904712762296
simple_clause,64.05228758169935,65.13157894736842,1.0792913656690786
other,4.57516339869281,3.9473684210526314,0.6277949776401788
coordination,3.9215686274509802,3.9473684210526314,0.02579979360165119
