label,domestic_pct,world_pct,abs_diff_pct_points
simple_clause,60.09852216748769,66.48936170212765,6.390839534639966
passive_clause,7.8817733990147785,2.6595744680851063,5.222198930929672
question_form,2.955665024630542,6.914893617021277,3.959228592390735
other,5.41871921182266,3.1914893617021276,2.2272298501205325
noun_phrase_fragment,19.211822660098523,17.5531914893617,1.6586311707368218
coordination,4.433497536945813,3.1914893617021276,1.2420081752436856
