{
  "n_seeds": 5,
  "structure_test_accuracy": {
    "mean": 0.7518072289156627,
    "std": 0.01827198902181098
  },
  "structure_test_macro_f1": {
    "mean": 0.5485217441557091,
    "std": 0.0608083716099111
  },
  "structure_dev_macro_f1": {
    "mean": 0.5714203821437589,
    "std": 0.052428486450494007
  },
  "style_test_rhetorical_macro_f1": {
    "mean": 0.7841692059796538,
    "std": 0.04047301888786839
  },
  "style_test_agency_macro_f1": {
    "mean": 0.652291980797923,
    "std": 0.14479335239186403
  }
}