seed,structure_test_accuracy,structure_test_macro_f1,structure_dev_macro_f1,style_test_rhetorical_macro_f1,style_test_agency_macro_f1
13,0.7590361445783133,0.6226934632731734,0.5396035829998095,0.7786796536796537,0.7691197691197691
42,0.7590361445783133,0.5936768732885237,0.5161993769470404,0.8156512605042017,0.8439849624060151
87,0.7228915662650602,0.4826969067623273,0.6471986484362722,0.8090172239108409,0.5225806451612903
123,0.7469879518072289,0.49451215451215447,0.5533058634081652,0.7161977834612105,0.5809716599190283
202,0.7710843373493976,0.5490293229423664,0.6007944389275074,0.8013001083423619,0.5448028673835125
