{
  "n_seeds": 5,
  "structure_test_accuracy": {
    "mean": 0.7398062255205112,
    "std": 0.05099044615381824
  },
  "structure_test_macro_f1": {
    "mean": 0.5682690095018986,
    "std": 0.07550293379048872
  },
  "structure_dev_macro_f1": {
    "mean": 0.607772286659291,
    "std": 0.07314579844367321
  },
  "style_test_rhetorical_macro_f1": {
    "mean": 0.770631763687902,
    "std": 0.0625651025548685
  },
  "style_test_agency_macro_f1": {
    "mean": 0.6114900197780451,
    "std": 0.16775294392164192
  }
}