{
  "train_distribution": {
    "passive_clause": 14,
    "noun_phrase_fragment": 32,
    "simple_clause": 158,
    "coordination": 14,
    "question_form": 12,
    "other": 4
  },
  "dev": {
    "n": 75,
    "rule_based": {
      "accuracy": 0.7866666666666666,
      "macro_precision": 0.6558641975308642,
      "macro_recall": 0.514102564102564,
      "macro_f1": 0.5396035829998095,
      "micro_precision": 0.7866666666666666,
      "micro_recall": 0.7866666666666666,
      "micro_f1": 0.7866666666666666,
      "per_label": {
        "question_form": {
          "precision": 1.0,
          "recall": 1.0,
          "f1": 1.0,
          "support": 4
        },
        "passive_clause": {
          "precision": 0.5,
          "recall": 0.25,
          "f1": 0.3333333333333333,
          "support": 4
        },
        "coordination": {
          "precision": 1.0,
          "recall": 0.25,
          "f1": 0.4,
          "support": 4
        },
        "noun_phrase_fragment": {
          "precision": 0.5833333333333334,
          "recall": 0.7,
          "f1": 0.6363636363636365,
          "support": 10
        },
        "simple_clause": {
          "precision": 0.8518518518518519,
          "recall": 0.8846153846153846,
          "f1": 0.8679245283018868,
          "support": 52
        },
        "other": {
          "precision": 0.0,
          "recall": 0.0,
          "f1": 0.0,
          "support": 1
        }
      }
    },
    "majority_baseline": {
      "accuracy": 0.6933333333333334,
      "macro_precision": 0.11555555555555556,
      "macro_recall": 0.16666666666666666,
      "macro_f1": 0.13648293963254593,
      "micro_precision": 0.6933333333333334,
      "micro_recall": 0.6933333333333334,
      "micro_f1": 0.6933333333333334,
      "per_label": {
        "question_form": {
          "precision": 0.0,
          "recall": 0.0,
          "f1": 0.0,
          "support": 4
        },
        "passive_clause": {
          "precision": 0.0,
          "recall": 0.0,
          "f1": 0.0,
          "support": 4
        },
        "coordination": {
          "precision": 0.0,
          "recall": 0.0,
          "f1": 0.0,
          "support": 4
        },
        "noun_phrase_fragment": {
          "precision": 0.0,
          "recall": 0.0,
          "f1": 0.0,
          "support": 10
        },
        "simple_clause": {
          "precision": 0.6933333333333334,
          "recall": 1.0,
          "f1": 0.8188976377952756,
          "support": 52
        },
        "other": {
          "precision": 0.0,
          "recall": 0.0,
          "f1": 0.0,
          "support": 1
        }
      }
    },
    "random_baseline": {
      "accuracy": 0.5466666666666666,
      "macro_precision": 0.13293650793650794,
      "macro_recall": 0.14487179487179488,
      "macro_f1": 0.13860830527497195,
      "micro_precision": 0.5466666666666666,
      "micro_recall": 0.5466666666666666,
      "micro_f1": 0.5466666666666666,
      "per_label": {
        "question_form": {
          "precision": 0.0,
          "recall": 0.0,
          "f1": 0.0,
          "support": 4
        },
        "passive_clause": {
          "precision": 0.0,
          "recall": 0.0,
          "f1": 0.0,
          "support": 4
        },
        "coordination": {
          "precision": 0.0,
          "recall": 0.0,
          "f1": 0.0,
          "support": 4
        },
        "noun_phrase_fragment": {
          "precision": 0.08333333333333333,
          "recall": 0.1,
          "f1": 0.0909090909090909,
          "support": 10
        },
        "simple_clause": {
          "precision": 0.7142857142857143,
          "recall": 0.7692307692307693,
          "f1": 0.7407407407407408,
          "support": 52
        },
        "other": {
          "precision": 0.0,
          "recall": 0.0,
          "f1": 0.0,
          "support": 1
        }
      }
    }
  },
  "test": {
    "n": 83,
    "rule_based": {
      "accuracy": 0.7590361445783133,
      "macro_precision": 0.6565656565656566,
      "macro_recall": 0.6307651991614256,
      "macro_f1": 0.6226934632731734,
      "micro_precision": 0.7590361445783133,
      "micro_recall": 0.7590361445783133,
      "micro_f1": 0.7590361445783133,
      "per_label": {
        "question_form": {
          "precision": 1.0,
          "recall": 1.0,
          "f1": 1.0,
          "support": 4
        },
        "passive_clause": {
          "precision": 0.6,
          "recall": 0.5,
          "f1": 0.5454545454545454,
          "support": 6
        },
        "coordination": {
          "precision": 0.6666666666666666,
          "recall": 0.3333333333333333,
          "f1": 0.4444444444444444,
          "support": 6
        },
        "noun_phrase_fragment": {
          "precision": 0.6363636363636364,
          "recall": 0.5833333333333334,
          "f1": 0.6086956521739131,
          "support": 12
        },
        "simple_clause": {
          "precision": 0.8363636363636363,
          "recall": 0.8679245283018868,
          "f1": 0.8518518518518519,
          "support": 53
        },
        "other": {
          "precision": 0.2,
          "recall": 0.5,
          "f1": 0.28571428571428575,
          "support": 2
        }
      }
    },
    "majority_baseline": {
      "accuracy": 0.6385542168674698,
      "macro_precision": 0.10642570281124497,
      "macro_recall": 0.16666666666666666,
      "macro_f1": 0.12990196078431374,
      "micro_precision": 0.6385542168674698,
      "micro_recall": 0.6385542168674698,
      "micro_f1": 0.6385542168674698,
      "per_label": {
        "question_form": {
          "precision": 0.0,
          "recall": 0.0,
          "f1": 0.0,
          "support": 4
        },
        "passive_clause": {
          "precision": 0.0,
          "recall": 0.0,
          "f1": 0.0,
          "support": 6
        },
        "coordination": {
          "precision": 0.0,
          "recall": 0.0,
          "f1": 0.0,
          "support": 6
        },
        "noun_phrase_fragment": {
          "precision": 0.0,
          "recall": 0.0,
          "f1": 0.0,
          "support": 12
        },
        "simple_clause": {
          "precision": 0.6385542168674698,
          "recall": 1.0,
          "f1": 0.7794117647058824,
          "support": 53
        },
        "other": {
          "precision": 0.0,
          "recall": 0.0,
          "f1": 0.0,
          "support": 2
        }
      }
    },
    "random_baseline": {
      "accuracy": 0.4939759036144578,
      "macro_precision": 0.17530864197530863,
      "macro_recall": 0.19968553459119498,
      "macro_f1": 0.1856351678781585,
      "micro_precision": 0.4939759036144578,
      "micro_recall": 0.4939759036144578,
      "micro_f1": 0.4939759036144578,
      "per_label": {
        "question_form": {
          "precision": 0.2,
          "recall": 0.25,
          "f1": 0.22222222222222224,
          "support": 4
        },
        "passive_clause": {
          "precision": 0.0,
          "recall": 0.0,
          "f1": 0.0,
          "support": 6
        },
        "coordination": {
          "precision": 0.0,
          "recall": 0.0,
          "f1": 0.0,
          "support": 6
        },
        "noun_phrase_fragment": {
          "precision": 0.16666666666666666,
          "recall": 0.25,
          "f1": 0.2,
          "support": 12
        },
        "simple_clause": {
          "precision": 0.6851851851851852,
          "recall": 0.6981132075471698,
          "f1": 0.6915887850467289,
          "support": 53
        },
        "other": {
          "precision": 0.0,
          "recall": 0.0,
          "f1": 0.0,
          "support": 2
        }
      }
    }
  }
}