label,domestic_pct,world_pct,abs_diff_pct_points
passive_clause,7.798165137614679,2.42914979757085,5.369015340043829
simple_clause,63.30275229357798,68.01619433198381,4.71344203840583
question_form,3.669724770642202,6.882591093117409,3.2128663224752065
noun_phrase_fragment,14.678899082568808,12.955465587044534,1.723433495524274
coordination,4.128440366972477,3.6437246963562755,0.48471567061620124
other,6.422018348623853,6.0728744939271255,0.3491438546967274
