{
  "all": {
    "n": 465,
    "lead_frame": {
      "accuracy": 0.989247311827957,
      "macro_f1": 0.9863128541826613,
      "per_label": {
        "action_first": {
          "precision": 0.9375,
          "recall": 1.0,
          "f1": 0.967741935483871,
          "support": 15
        },
        "actor_entity_first": {
          "precision": 1.0,
          "recall": 0.9865591397849462,
          "f1": 0.993234100135318,
          "support": 372
        },
        "context_first": {
          "precision": 0.9428571428571428,
          "recall": 1.0,
          "f1": 0.9705882352941176,
          "support": 66
        },
        "event_first": {
          "precision": 1.0,
          "recall": 1.0,
          "f1": 1.0,
          "support": 2
        },
        "other_lead": {
          "precision": 1.0,
          "recall": 1.0,
          "f1": 1.0,
          "support": 10
        }
      }
    },
    "agency_style": {
      "accuracy": 0.9354838709677419,
      "macro_f1": 0.6218654434250764,
      "per_label": {
        "active_or_nonpassive": {
          "precision": 0.9524886877828054,
          "recall": 0.9790697674418605,
          "f1": 0.9655963302752293,
          "support": 430
        },
        "passive_agent_omitted": {
          "precision": 0.6,
          "recall": 0.42857142857142855,
          "f1": 0.5,
          "support": 28
        },
        "passive_with_agent": {
          "precision": 0.6666666666666666,
          "recall": 0.2857142857142857,
          "f1": 0.4,
          "support": 7
        }
      }
    },
    "density_band": {
      "accuracy": 0.9935483870967742,
      "macro_f1": 0.9946749028169765,
      "per_label": {
        "high_density": {
          "precision": 1.0,
          "recall": 0.9905660377358491,
          "f1": 0.9952606635071091,
          "support": 318
        },
        "low_density": {
          "precision": 1.0,
          "recall": 1.0,
          "f1": 1.0,
          "support": 15
        },
        "medium_density": {
          "precision": 0.9777777777777777,
          "recall": 1.0,
          "f1": 0.9887640449438202,
          "support": 132
        }
      }
    },
    "rhetorical_mode": {
      "accuracy": 0.9139784946236559,
      "macro_f1": 0.7854369006415481,
      "per_label": {
        "analysis_explainer": {
          "precision": 0.8,
          "recall": 0.2727272727272727,
          "f1": 0.4067796610169491,
          "support": 44
        },
        "live_or_alert": {
          "precision": 0.7777777777777778,
          "recall": 0.875,
          "f1": 0.823529411764706,
          "support": 16
        },
        "question_hook": {
          "precision": 0.92,
          "recall": 1.0,
          "f1": 0.9583333333333334,
          "support": 23
        },
        "straight_report": {
          "precision": 0.9238329238329238,
          "recall": 0.9842931937172775,
          "f1": 0.9531051964512041,
          "support": 382
        }
      }
    }
  },
  "dev": {
    "n": 91,
    "lead_frame": {
      "accuracy": 0.989010989010989,
      "macro_f1": 0.9844880174291939,
      "per_label": {
        "action_first": {
          "precision": 1.0,
          "recall": 1.0,
          "f1": 1.0,
          "support": 2
        },
        "actor_entity_first": {
          "precision": 1.0,
          "recall": 0.987012987012987,
          "f1": 0.9934640522875817,
          "support": 77
        },
        "context_first": {
          "precision": 0.9230769230769231,
          "recall": 1.0,
          "f1": 0.9600000000000001,
          "support": 12
        }
      }
    },
    "agency_style": {
      "accuracy": 0.9340659340659341,
      "macro_f1": 0.4883720930232558,
      "per_label": {
        "active_or_nonpassive": {
          "precision": 0.9540229885057471,
          "recall": 0.9764705882352941,
          "f1": 0.9651162790697674,
          "support": 85
        },
        "passive_agent_omitted": {
          "precision": 0.6666666666666666,
          "recall": 0.4,
          "f1": 0.5,
          "support": 5
        },
        "passive_with_agent": {
          "precision": 0.0,
          "recall": 0.0,
          "f1": 0.0,
          "support": 1
        }
      }
    },
    "density_band": {
      "accuracy": 1.0,
      "macro_f1": 1.0,
      "per_label": {
        "high_density": {
          "precision": 1.0,
          "recall": 1.0,
          "f1": 1.0,
          "support": 65
        },
        "low_density": {
          "precision": 1.0,
          "recall": 1.0,
          "f1": 1.0,
          "support": 3
        },
        "medium_density": {
          "precision": 1.0,
          "recall": 1.0,
          "f1": 1.0,
          "support": 23
        }
      }
    },
    "rhetorical_mode": {
      "accuracy": 0.945054945054945,
      "macro_f1": 0.8640522875816994,
      "per_label": {
        "analysis_explainer": {
          "precision": 1.0,
          "recall": 0.42857142857142855,
          "f1": 0.6,
          "support": 7
        },
        "live_or_alert": {
          "precision": 1.0,
          "recall": 0.8,
          "f1": 0.888888888888889,
          "support": 5
        },
        "question_hook": {
          "precision": 1.0,
          "recall": 1.0,
          "f1": 1.0,
          "support": 5
        },
        "straight_report": {
          "precision": 0.9367088607594937,
          "recall": 1.0,
          "f1": 0.9673202614379084,
          "support": 74
        }
      }
    }
  },
  "test": {
    "n": 98,
    "lead_frame": {
      "accuracy": 1.0,
      "macro_f1": 1.0,
      "per_label": {
        "action_first": {
          "precision": 1.0,
          "recall": 1.0,
          "f1": 1.0,
          "support": 2
        },
        "actor_entity_first": {
          "precision": 1.0,
          "recall": 1.0,
          "f1": 1.0,
          "support": 78
        },
        "context_first": {
          "precision": 1.0,
          "recall": 1.0,
          "f1": 1.0,
          "support": 16
        },
        "other_lead": {
          "precision": 1.0,
          "recall": 1.0,
          "f1": 1.0,
          "support": 2
        }
      }
    },
    "agency_style": {
      "accuracy": 0.9081632653061225,
      "macro_f1": 0.4280510018214936,
      "per_label": {
        "active_or_nonpassive": {
          "precision": 0.9456521739130435,
          "recall": 0.9560439560439561,
          "f1": 0.9508196721311475,
          "support": 91
        },
        "passive_agent_omitted": {
          "precision": 0.3333333333333333,
          "recall": 0.3333333333333333,
          "f1": 0.3333333333333333,
          "support": 6
        },
        "passive_with_agent": {
          "precision": 0.0,
          "recall": 0.0,
          "f1": 0.0,
          "support": 1
        }
      }
    },
    "density_band": {
      "accuracy": 1.0,
      "macro_f1": 1.0,
      "per_label": {
        "high_density": {
          "precision": 1.0,
          "recall": 1.0,
          "f1": 1.0,
          "support": 66
        },
        "low_density": {
          "precision": 1.0,
          "recall": 1.0,
          "f1": 1.0,
          "support": 6
        },
        "medium_density": {
          "precision": 1.0,
          "recall": 1.0,
          "f1": 1.0,
          "support": 26
        }
      }
    },
    "rhetorical_mode": {
      "accuracy": 0.9081632653061225,
      "macro_f1": 0.8195870940968979,
      "per_label": {
        "analysis_explainer": {
          "precision": 1.0,
          "recall": 0.3076923076923077,
          "f1": 0.47058823529411764,
          "support": 13
        },
        "live_or_alert": {
          "precision": 0.75,
          "recall": 1.0,
          "f1": 0.8571428571428571,
          "support": 3
        },
        "question_hook": {
          "precision": 1.0,
          "recall": 1.0,
          "f1": 1.0,
          "support": 5
        },
        "straight_report": {
          "precision": 0.9058823529411765,
          "recall": 1.0,