{
  "all": {
    "n": 391,
    "lead_frame": {
      "accuracy": 1.0,
      "macro_f1": 1.0,
      "per_label": {
        "action_first": {
          "precision": 1.0,
          "recall": 1.0,
          "f1": 1.0,
          "support": 13
        },
        "actor_entity_first": {
          "precision": 1.0,
          "recall": 1.0,
          "f1": 1.0,
          "support": 319
        },
        "context_first": {
          "precision": 1.0,
          "recall": 1.0,
          "f1": 1.0,
          "support": 50
        },
        "event_first": {
          "precision": 1.0,
          "recall": 1.0,
          "f1": 1.0,
          "support": 1
        },
        "other_lead": {
          "precision": 1.0,
          "recall": 1.0,
          "f1": 1.0,
          "support": 8
        }
      }
    },
    "agency_style": {
      "accuracy": 0.948849104859335,
      "macro_f1": 0.6775270344752634,
      "per_label": {
        "active_or_nonpassive": {
          "precision": 0.9648648648648649,
          "recall": 0.9807692307692307,
          "f1": 0.9727520435967303,
          "support": 364
        },
        "passive_agent_omitted": {
          "precision": 0.6666666666666666,
          "recall": 0.5714285714285714,
          "f1": 0.6153846153846153,
          "support": 21
        },
        "passive_with_agent": {
          "precision": 0.6666666666666666,
          "recall": 0.3333333333333333,
          "f1": 0.4444444444444444,
          "support": 6
        }
      }
    },
    "density_band": {
      "accuracy": 1.0,
      "macro_f1": 1.0,
      "per_label": {
        "high_density": {
          "precision": 1.0,
          "recall": 1.0,
          "f1": 1.0,
          "support": 273
        },
        "low_density": {
          "precision": 1.0,
          "recall": 1.0,
          "f1": 1.0,
          "support": 10
        },
        "medium_density": {
          "precision": 1.0,
          "recall": 1.0,
          "f1": 1.0,
          "support": 108
        }
      }
    },
    "rhetorical_mode": {
      "accuracy": 0.9053708439897699,
      "macro_f1": 0.7901929877529192,
      "per_label": {
        "analysis_explainer": {
          "precision": 0.8,
          "recall": 0.2926829268292683,
          "f1": 0.4285714285714285,
          "support": 41
        },
        "live_or_alert": {
          "precision": 0.7647058823529411,
          "recall": 0.8666666666666667,
          "f1": 0.8125,
          "support": 15
        },
        "question_hook": {
          "precision": 0.9473684210526315,
          "recall": 1.0,
          "f1": 0.972972972972973,
          "support": 18
        },
        "straight_report": {
          "precision": 0.9147058823529411,
          "recall": 0.9810725552050473,
          "f1": 0.9467275494672756,
          "support": 317
        }
      }
    }
  },
  "dev": {
    "n": 75,
    "lead_frame": {
      "accuracy": 1.0,
      "macro_f1": 1.0,
      "per_label": {
        "action_first": {
          "precision": 1.0,
          "recall": 1.0,
          "f1": 1.0,
          "support": 2
        },
        "actor_entity_first": {
          "precision": 1.0,
          "recall": 1.0,
          "f1": 1.0,
          "support": 58
        },
        "context_first": {
          "precision": 1.0,
          "recall": 1.0,
          "f1": 1.0,
          "support": 14
        },
        "other_lead": {
          "precision": 1.0,
          "recall": 1.0,
          "f1": 1.0,
          "support": 1
        }
      }
    },
    "agency_style": {
      "accuracy": 0.9466666666666667,
      "macro_f1": 0.5144198524480216,
      "per_label": {
        "active_or_nonpassive": {
          "precision": 0.971830985915493,
          "recall": 0.971830985915493,
          "f1": 0.971830985915493,
          "support": 71
        },
        "passive_agent_omitted": {
          "precision": 0.5,
          "recall": 0.6666666666666666,
          "f1": 0.5714285714285715,
          "support": 3
        },
        "passive_with_agent": {
          "precision": 0.0,
          "recall": 0.0,
          "f1": 0.0,
          "support": 1
        }
      }
    },
    "density_band": {
      "accuracy": 1.0,
      "macro_f1": 1.0,
      "per_label": {
        "high_density": {
          "precision": 1.0,
          "recall": 1.0,
          "f1": 1.0,
          "support": 53
        },
        "low_density": {
          "precision": 1.0,
          "recall": 1.0,
          "f1": 1.0,
          "support": 3
        },
        "medium_density": {
          "precision": 1.0,
          "recall": 1.0,
          "f1": 1.0,
          "support": 19
        }
      }
    },
    "rhetorical_mode": {
      "accuracy": 0.9066666666666666,
      "macro_f1": 0.7837934423300277,
      "per_label": {
        "analysis_explainer": {
          "precision": 1.0,
          "recall": 0.3,
          "f1": 0.4615384615384615,
          "support": 10
        },
        "live_or_alert": {
          "precision": 0.75,
          "recall": 1.0,
          "f1": 0.8571428571428571,
          "support": 3
        },
        "question_hook": {
          "precision": 0.75,
          "recall": 1.0,
          "f1": 0.8571428571428571,
          "support": 3
        },
        "straight_report": {
          "precision": 0.921875,
          "recall": 1.0,
          "f1": 0.959349593495935,
          "support": 59
        }
      }
    }
  },
  "test": {
    "n": 83,
    "lead_frame": {
      "accuracy": 1.0,
      "macro_f1": 1.0,
      "per_label": {
        "action_first": {
          "precision": 1.0,
          "recall": 1.0,
          "f1": 1.0,
          "support": 2
        },
        "actor_entity_first": {
          "precision": 1.0,
          "recall": 1.0,
          "f1": 1.0,
          "support": 69
        },
        "context_first": {
          "precision": 1.0,
          "recall": 1.0,
          "f1": 1.0,
          "support": 10
        },
        "other_lead": {
          "precision": 1.0,
          "recall": 1.0,
          "f1": 1.0,
          "support": 2
        }
      }
    },
    "agency_style": {
      "accuracy": 0.9759036144578314,
      "macro_f1": 0.9219924812030075,
      "per_label": {
        "active_or_nonpassive": {
          "precision": 0.9868421052631579,
          "recall": 0.9868421052631579,
          "f1": 0.9868421052631579,
          "support": 76
        },
        "passive_agent_omitted": {
          "precision": 0.8571428571428571,
          "recall": 0.8571428571428571,
          "f1": 0.8571428571428571,
          "support": 7
        }
      }
    },
    "density_band": {
      "accuracy": 1.0,
      "macro_f1": 1.0,
      "per_label": {
        "high_density": {
          "precision": 1.0,
          "recall": 1.0,
          "f1": 1.0,
          "support": 61
        },
        "low_density": {
          "precision": 1.0,
          "recall": 1.0,
          "f1": 1.0,
          "support": 2
        },
        "medium_density": {
          "precision": 1.0,
          "recall": 1.0,
          "f1": 1.0,
          "support": 20
        }
      }
    },
    "rhetorical_mode": {
      "accuracy": 0.9036144578313253,
      "macro_f1": 0.8156512605042017,
      "per_label": {
        "analysis_explainer": {
          "precision": 1.0,
          "recall": 0.4,
          "f1": 0.5714285714285715,
          "support": 10
        },
        "live_or_alert": {
          "precision": 0.75,
          "recall": 0.75,
          "f1": 0.75,
          "support": 4
        },
        "question_hook": {
          "precision": 1.0,
          "recall": 1.0,
          "f1": 1.0,
          "support": 4
        },
        "straight_report": {
          "precision": 0.9014084507042254,
          "recall": 0.9846153846153847,
          "f1": 0.9411764705882353,
          "support": 65
        }
      }
    }
  }
}