{
  "all": {
    "n": 392,
    "lead_frame": {
      "accuracy": 0.9413265306122449,
      "macro_f1": 0.8998582081799921,
      "per_label": {
        "action_first": {
          "precision": 0.6470588235294118,
          "recall": 0.8461538461538461,
          "f1": 0.7333333333333334,
          "support": 13
        },
        "actor_entity_first": {
          "precision": 0.9805825242718447,
          "recall": 0.9498432601880877,
          "f1": 0.964968152866242,
          "support": 319
        },
        "context_first": {
          "precision": 0.8214285714285714,
          "recall": 0.9019607843137255,
          "f1": 0.8598130841121495,
          "support": 51
        },
        "event_first": {
          "precision": 1.0,
          "recall": 1.0,
          "f1": 1.0,
          "support": 1
        },
        "other_lead": {
          "precision": 0.8888888888888888,
          "recall": 1.0,
          "f1": 0.9411764705882353,
          "support": 8
        }
      }
    },
    "agency_style": {
      "accuracy": 0.9464285714285714,
      "macro_f1": 0.664965972899987,
      "per_label": {
        "active_or_nonpassive": {
          "precision": 0.9623655913978495,
          "recall": 0.9808219178082191,
          "f1": 0.9715061058344641,
          "support": 365
        },
        "passive_agent_omitted": {
          "precision": 0.6470588235294118,
          "recall": 0.5238095238095238,
          "f1": 0.5789473684210527,
          "support": 21
        },
        "passive_with_agent": {
          "precision": 0.6666666666666666,
          "recall": 0.3333333333333333,
          "f1": 0.4444444444444444,
          "support": 6
        }
      }
    },
    "density_band": {
      "accuracy": 0.9795918367346939,
      "macro_f1": 0.9662383778299724,
      "per_label": {
        "high_density": {
          "precision": 1.0,
          "recall": 0.9744525547445255,
          "f1": 0.9870609981515711,
          "support": 274
        },
        "low_density": {
          "precision": 1.0,
          "recall": 0.9,
          "f1": 0.9473684210526316,
          "support": 10
        },
        "medium_density": {
          "precision": 0.9310344827586207,
          "recall": 1.0,
          "f1": 0.9642857142857143,
          "support": 108
        }
      }
    },
    "rhetorical_mode": {
      "accuracy": 0.9030612244897959,
      "macro_f1": 0.7766894117881957,
      "per_label": {
        "analysis_explainer": {
          "precision": 0.7857142857142857,
          "recall": 0.2682926829268293,
          "f1": 0.39999999999999997,
          "support": 41
        },
        "live_or_alert": {
          "precision": 0.7647058823529411,
          "recall": 0.8666666666666667,
          "f1": 0.8125,
          "support": 15
        },
        "question_hook": {
          "precision": 0.9,
          "recall": 1.0,
          "f1": 0.9473684210526316,
          "support": 18
        },
        "straight_report": {
          "precision": 0.9149560117302052,
          "recall": 0.9811320754716981,
          "f1": 0.9468892261001518,
          "support": 318
        }
      }
    }
  },
  "dev": {
    "n": 75,
    "lead_frame": {
      "accuracy": 0.9866666666666667,
      "macro_f1": 0.9478260869565217,
      "per_label": {
        "action_first": {
          "precision": 0.6666666666666666,
          "recall": 1.0,
          "f1": 0.8,
          "support": 2
        },
        "actor_entity_first": {
          "precision": 1.0,
          "recall": 0.9827586206896551,
          "f1": 0.9913043478260869,
          "support": 58
        },
        "context_first": {
          "precision": 1.0,
          "recall": 1.0,
          "f1": 1.0,
          "support": 14
        },
        "other_lead": {
          "precision": 1.0,
          "recall": 1.0,
          "f1": 1.0,
          "support": 1
        }
      }
    },
    "agency_style": {
      "accuracy": 0.9466666666666667,
      "macro_f1": 0.5144198524480216,
      "per_label": {
        "active_or_nonpassive": {
          "precision": 0.971830985915493,
          "recall": 0.971830985915493,
          "f1": 0.971830985915493,
          "support": 71
        },
        "passive_agent_omitted": {
          "precision": 0.5,
          "recall": 0.6666666666666666,
          "f1": 0.5714285714285715,
          "support": 3
        },
        "passive_with_agent": {
          "precision": 0.0,
          "recall": 0.0,
          "f1": 0.0,
          "support": 1
        }
      }
    },
    "density_band": {
      "accuracy": 0.9733333333333334,
      "macro_f1": 0.9134920634920635,
      "per_label": {
        "high_density": {
          "precision": 1.0,
          "recall": 0.9811320754716981,
          "f1": 0.9904761904761905,
          "support": 53
        },
        "low_density": {
          "precision": 1.0,
          "recall": 0.6666666666666666,
          "f1": 0.8,
          "support": 3
        },
        "medium_density": {
          "precision": 0.9047619047619048,
          "recall": 1.0,
          "f1": 0.9500000000000001,
          "support": 19
        }
      }
    },
    "rhetorical_mode": {
      "accuracy": 0.9066666666666666,
      "macro_f1": 0.7837934423300277,
      "per_label": {
        "analysis_explainer": {
          "precision": 1.0,
          "recall": 0.3,
          "f1": 0.4615384615384615,
          "support": 10
        },
        "live_or_alert": {
          "precision": 0.75,
          "recall": 1.0,
          "f1": 0.8571428571428571,
          "support": 3
        },
        "question_hook": {
          "precision": 0.75,
          "recall": 1.0,
          "f1": 0.8571428571428571,
          "support": 3
        },
        "straight_report": {
          "precision": 0.921875,
          "recall": 1.0,
          "f1": 0.959349593495935,
          "support": 59
        }
      }
    }
  },
  "test": {
    "n": 83,
    "lead_frame": {
      "accuracy": 0.9518072289156626,
      "macro_f1": 0.8427536231884057,
      "per_label": {
        "action_first": {
          "precision": 0.5,
          "recall": 0.5,
          "f1": 0.5,
          "support": 2
        },
        "actor_entity_first": {
          "precision": 0.9710144927536232,
          "recall": 0.9710144927536232,
          "f1": 0.9710144927536232,
          "support": 69
        },
        "context_first": {
          "precision": 0.9,
          "recall": 0.9,
          "f1": 0.9,
          "support": 10
        },
        "other_lead": {
          "precision": 1.0,
          "recall": 1.0,
          "f1": 1.0,
          "support": 2
        }
      }
    },
    "agency_style": {
      "accuracy": 0.9518072289156626,
      "macro_f1": 0.8439849624060151,
      "per_label": {
        "active_or_nonpassive": {
          "precision": 0.9736842105263158,
          "recall": 0.9736842105263158,
          "f1": 0.9736842105263158,
          "support": 76
        },
        "passive_agent_omitted": {
          "precision": 0.7142857142857143,
          "recall": 0.7142857142857143,
          "f1": 0.7142857142857143,
          "support": 7
        }
      }
    },
    "density_band": {
      "accuracy": 0.9518072289156626,
      "macro_f1": 0.9583975346687211,
      "per_label": {
        "high_density": {
          "precision": 1.0,
          "recall": 0.9344262295081968,
          "f1": 0.9661016949152543,
          "support": 61
        },
        "low_density": {
          "precision": 1.0,
          "recall": 1.0,
          "f1": 1.0,
          "support": 2
        },
        "medium_density": {
          "precision": 0.8333333333333334,
          "recall": 1.0,
          "f1": 0.9090909090909091,
          "support": 20
        }
      }
    },
    "rhetorical_mode": {
      "accuracy": 0.9036144578313253,
      "macro_f1": 0.8156512605042017,
      "per_label": {
        "analysis_explainer": {
          "precision": 1.0,
          "recall": 0.4,
          "f1": 0.5714285714285715,