{
  "all": {
    "n": 465,
    "lead_frame": {
      "accuracy": 0.946236559139785,
      "macro_f1": 0.9123995582429222,
      "per_label": {
        "action_first": {
          "precision": 0.6842105263157895,
          "recall": 0.8666666666666667,
          "f1": 0.7647058823529413,
          "support": 15
        },
        "actor_entity_first": {
          "precision": 0.9833333333333333,
          "recall": 0.9516129032258065,
          "f1": 0.9672131147540983,
          "support": 372
        },
        "context_first": {
          "precision": 0.8356164383561644,
          "recall": 0.9242424242424242,
          "f1": 0.8776978417266188,
          "support": 66
        },
        "event_first": {
          "precision": 1.0,
          "recall": 1.0,
          "f1": 1.0,
          "support": 2
        },
        "other_lead": {
          "precision": 0.9090909090909091,
          "recall": 1.0,
          "f1": 0.9523809523809523,
          "support": 10
        }
      }
    },
    "agency_style": {
      "accuracy": 0.9354838709677419,
      "macro_f1": 0.6146453089244851,
      "per_label": {
        "active_or_nonpassive": {
          "precision": 0.9504504504504504,
          "recall": 0.9813953488372092,
          "f1": 0.965675057208238,
          "support": 430
        },
        "passive_agent_omitted": {
          "precision": 0.6111111111111112,
          "recall": 0.39285714285714285,
          "f1": 0.4782608695652174,
          "support": 28
        },
        "passive_with_agent": {
          "precision": 0.6666666666666666,
          "recall": 0.2857142857142857,
          "f1": 0.4,
          "support": 7
        }
      }
    },
    "density_band": {
      "accuracy": 0.9806451612903225,
      "macro_f1": 0.9732704516363643,
      "per_label": {
        "high_density": {
          "precision": 1.0,
          "recall": 0.9748427672955975,
          "f1": 0.9872611464968153,
          "support": 318
        },
        "low_density": {
          "precision": 1.0,
          "recall": 0.9333333333333333,
          "f1": 0.9655172413793104,
          "support": 15
        },
        "medium_density": {
          "precision": 0.9361702127659575,
          "recall": 1.0,
          "f1": 0.967032967032967,
          "support": 132
        }
      }
    },
    "rhetorical_mode": {
      "accuracy": 0.9139784946236559,
      "macro_f1": 0.7854369006415481,
      "per_label": {
        "analysis_explainer": {
          "precision": 0.8,
          "recall": 0.2727272727272727,
          "f1": 0.4067796610169491,
          "support": 44
        },
        "live_or_alert": {
          "precision": 0.7777777777777778,
          "recall": 0.875,
          "f1": 0.823529411764706,
          "support": 16
        },
        "question_hook": {
          "precision": 0.92,
          "recall": 1.0,
          "f1": 0.9583333333333334,
          "support": 23
        },
        "straight_report": {
          "precision": 0.9238329238329238,
          "recall": 0.9842931937172775,
          "f1": 0.9531051964512041,
          "support": 382
        }
      }
    }
  },
  "dev": {
    "n": 91,
    "lead_frame": {
      "accuracy": 0.9560439560439561,
      "macro_f1": 0.8430799220272904,
      "per_label": {
        "action_first": {
          "precision": 1.0,
          "recall": 0.5,
          "f1": 0.6666666666666666,
          "support": 2
        },
        "actor_entity_first": {
          "precision": 0.9866666666666667,
          "recall": 0.961038961038961,
          "f1": 0.9736842105263157,
          "support": 77
        },
        "context_first": {
          "precision": 0.8,
          "recall": 1.0,
          "f1": 0.888888888888889,
          "support": 12
        }
      }
    },
    "agency_style": {
      "accuracy": 0.9340659340659341,
      "macro_f1": 0.4883720930232558,
      "per_label": {
        "active_or_nonpassive": {
          "precision": 0.9540229885057471,
          "recall": 0.9764705882352941,
          "f1": 0.9651162790697674,
          "support": 85
        },
        "passive_agent_omitted": {
          "precision": 0.6666666666666666,
          "recall": 0.4,
          "f1": 0.5,
          "support": 5
        },
        "passive_with_agent": {
          "precision": 0.0,
          "recall": 0.0,
          "f1": 0.0,
          "support": 1
        }
      }
    },
    "density_band": {
      "accuracy": 0.978021978021978,
      "macro_f1": 0.916860465116279,
      "per_label": {
        "high_density": {
          "precision": 1.0,
          "recall": 0.9846153846153847,
          "f1": 0.9922480620155039,
          "support": 65
        },
        "low_density": {
          "precision": 1.0,
          "recall": 0.6666666666666666,
          "f1": 0.8,
          "support": 3
        },
        "medium_density": {
          "precision": 0.92,
          "recall": 1.0,
          "f1": 0.9583333333333334,
          "support": 23
        }
      }
    },
    "rhetorical_mode": {
      "accuracy": 0.945054945054945,
      "macro_f1": 0.8640522875816994,
      "per_label": {
        "analysis_explainer": {
          "precision": 1.0,
          "recall": 0.42857142857142855,
          "f1": 0.6,
          "support": 7
        },
        "live_or_alert": {
          "precision": 1.0,
          "recall": 0.8,
          "f1": 0.888888888888889,
          "support": 5
        },
        "question_hook": {
          "precision": 1.0,
          "recall": 1.0,
          "f1": 1.0,
          "support": 5
        },
        "straight_report": {
          "precision": 0.9367088607594937,
          "recall": 1.0,
          "f1": 0.9673202614379084,
          "support": 74
        }
      }
    }
  },
  "test": {
    "n": 98,
    "lead_frame": {
      "accuracy": 0.9795918367346939,
      "macro_f1": 0.9134199134199134,
      "per_label": {
        "action_first": {
          "precision": 0.5,
          "recall": 1.0,
          "f1": 0.6666666666666666,
          "support": 2
        },
        "actor_entity_first": {
          "precision": 1.0,
          "recall": 0.9743589743589743,
          "f1": 0.9870129870129869,
          "support": 78
        },
        "context_first": {
          "precision": 1.0,
          "recall": 1.0,
          "f1": 1.0,
          "support": 16
        },
        "other_lead": {
          "precision": 1.0,
          "recall": 1.0,
          "f1": 1.0,
          "support": 2
        }
      }
    },
    "agency_style": {
      "accuracy": 0.9183673469387755,
      "macro_f1": 0.4400527009222661,
      "per_label": {
        "active_or_nonpassive": {
          "precision": 0.946236559139785,
          "recall": 0.967032967032967,
          "f1": 0.9565217391304348,
          "support": 91
        },
        "passive_agent_omitted": {
          "precision": 0.4,
          "recall": 0.3333333333333333,
          "f1": 0.3636363636363636,
          "support": 6
        },
        "passive_with_agent": {
          "precision": 0.0,
          "recall": 0.0,
          "f1": 0.0,
          "support": 1
        }
      }
    },
    "density_band": {
      "accuracy": 0.9795918367346939,
      "macro_f1": 0.9825261158594492,
      "per_label": {
        "high_density": {
          "precision": 1.0,
          "recall": 0.9696969696969697,
          "f1": 0.9846153846153847,
          "support": 66
        },
        "low_density": {
          "precision": 1.0,
          "recall": 1.0,
          "f1": 1.0,
          "support": 6
        },
        "medium_density": {
          "precision": 0.9285714285714286,
          "recall": 1.0,
          "f1": 0.962962962962963,
          "support": 26
        }
      }
    },
    "rhetorical_mode": {
      "accuracy": 0.9081632653061225,
      "macro_f1": 0.8195870940968979,
      "per_label": {
        "analysis_explainer": {
          "precision": 1.0,
          "recall": 0.3076923076923077,
          "f1": 0.47058823529411764,
          "support": 13
        },